amount_decile,transactions,fraud_cases,min_amount,median_amount,max_amount,total_exposure,fraud_rate
"(0.25, 25.95]",59511,3326,0.251,20.0,25.95,1121194.665,0.055888827275629716
"(100.0, 117.0]",72079,1423,100.01,108.95,117.0,8048617.027,0.019742227278402864
"(117.0, 159.95]",32399,1394,117.008,149.95,159.95,4667861.886,0.043026019321584
"(159.95, 275.293]",58390,2221,159.96,209.95,275.293,12156103.279,0.03803733516013016
"(25.95, 35.95]",61650,1976,25.96,30.95,35.95,1948118.539,0.03205190592051906
"(275.293, 31937.391]",59053,3004,275.49,445.0,31937.391,36206749.542,0.050869557854808393
"(35.95, 49.0]",65116,2100,35.96,44.774,49.0,2884381.466,0.032250138214878064
"(49.0, 57.95]",59647,1159,49.001,54.5,57.95,3244721.416,0.01943098563213573
"(57.95, 68.769]",49346,1407,57.951,59.0,68.758,3000249.114,0.028512949377862442
"(68.769, 100.0]",73349,2653,68.78,87.95,100.0,6460951.801,0.03616954559707699
