day,capacity,alerts,fraud_alerts,precision_at_k,recall_at_k,exposure_captured_at_k,legitimate_exposure_interrupted,model,partition,queue_type
130,50,50,2,0.04,0.029850746268656716,0.005057920846451604,37024.33499999999,rules,policy,transaction
131,50,50,6,0.12,0.05714285714285714,0.1391511481308656,24376.220999999998,rules,policy,transaction
132,50,50,6,0.12,0.05555555555555555,0.008124968766939782,18512.507999999998,rules,policy,transaction
133,50,50,2,0.04,0.014705882352941176,0.003363645677693662,11240.935,rules,policy,transaction
134,50,50,6,0.12,0.05825242718446602,0.006174232727594604,11723.609,rules,policy,transaction
135,50,50,5,0.1,0.05555555555555555,0.09667090979646803,7923.922,rules,policy,transaction
136,50,50,6,0.12,0.0821917808219178,0.13586219069215666,11830.988,rules,policy,transaction
137,50,50,2,0.04,0.028985507246376812,0.012703656377437542,4790.942000000001,rules,policy,transaction
138,50,50,7,0.14,0.0625,0.06979954752197448,19460.468,rules,policy,transaction
139,50,50,2,0.04,0.03278688524590164,0.026763635818693173,12755.516,rules,policy,transaction
140,50,50,7,0.14,0.06796116504854369,0.10238125885448561,8824.938000000002,rules,policy,transaction
141,50,50,4,0.08,0.030534351145038167,0.07431285672354632,20799.266000000003,rules,policy,transaction
142,50,50,5,0.1,0.04854368932038835,0.12219858007345923,24053.524999999998,rules,policy,transaction
143,50,50,8,0.16,0.11267605633802817,0.08064491648122775,19505.502999999997,rules,policy,transaction
144,50,50,6,0.12,0.06666666666666667,0.10828095415052534,6388.569,rules,policy,transaction
145,50,50,6,0.12,0.08955223880597014,0.053614309854204956,11282.703000000001,rules,policy,transaction
146,50,50,6,0.12,0.061224489795918366,0.019362122422557936,8040.791,rules,policy,transaction
147,50,50,6,0.12,0.0759493670886076,0.217503205852996,13970.659,rules,policy,transaction
148,50,50,3,0.06,0.03488372093023256,0.09626217772034495,13759.225,rules,policy,transaction
149,50,50,12,0.24,0.18181818181818182,0.22151438371820112,12021.624999999998,rules,policy,transaction
150,50,50,0,0.0,0.0,0.0,17699.896,rules,policy,transaction
151,50,50,1,0.02,0.010101010101010102,0.034711684877013246,16722.887000000002,rules,policy,transaction
152,50,50,8,0.16,0.25806451612903225,0.4574406966557741,14180.94,rules,policy,transaction
130,100,100,8,0.08,0.11940298507462686,0.02622390910066605,56521.20599999999,rules,policy,transaction
131,100,100,12,0.12,0.11428571428571428,0.14829507901831704,39302.606999999996,rules,policy,transaction
132,100,100,8,0.08,0.07407407407407407,0.050815769966551294,42086.791000000005,rules,policy,transaction
133,100,100,4,0.04,0.029411764705882353,0.008212212583272524,25789.894,rules,policy,transaction
134,100,100,12,0.12,0.11650485436893204,0.02203923624839674,19954.117,rules,policy,transaction
135,100,100,8,0.08,0.08888888888888889,0.09822098871376635,20213.736999999997,rules,policy,transaction
136,100,100,7,0.07,0.0958904109589041,0.17687139775125194,19724.672000000002,rules,policy,transaction
137,100,100,6,0.06,0.08695652173913043,0.03757252022284889,15652.899000000001,rules,policy,transaction
138,100,100,16,0.16,0.14285714285714285,0.22028480167250508,40680.075999999994,rules,policy,transaction
139,100,100,3,0.03,0.04918032786885246,0.028833324120963448,25971.184999999998,rules,policy,transaction
140,100,100,16,0.16,0.1553398058252427,0.11830824642558727,22269.297000000002,rules,policy,transaction
141,100,100,18,0.18,0.13740458015267176,0.10548116290486957,29114.072,rules,policy,transaction
142,100,100,9,0.09,0.08737864077669903,0.13887976836190824,35920.484,rules,policy,transaction
143,100,100,15,0.15,0.2112676056338028,0.1944500488477737,25400.049,rules,policy,transaction
144,100,100,7,0.07,0.07777777777777778,0.10902822651523045,44373.42,rules,policy,transaction
145,100,100,11,0.11,0.16417910447761194,0.08091213007518376,46269.51500000001,rules,policy,transaction
146,100,100,8,0.08,0.08163265306122448,0.0314699457903385,22030.963,rules,policy,transaction
147,100,100,13,0.13,0.16455696202531644,0.3298588741495181,29386.977000000006,rules,policy,transaction
148,100,100,6,0.06,0.06976744186046512,0.10296397490340693,20191.750000000004,rules,policy,transaction
149,100,100,14,0.14,0.21212121212121213,0.2829655436493147,36894.146,rules,policy,transaction
150,100,100,2,0.02,0.028985507246376812,0.06651951912900855,22883.809000000005,rules,policy,transaction
151,100,100,14,0.14,0.1414141414141414,0.09315244594657307,34031.32199999999,rules,policy,transaction
152,100,100,13,0.13,0.41935483870967744,0.6038755130260902,27639.449,rules,policy,transaction
130,250,250,17,0.068,0.2537313432835821,0.20914136244597653,97198.495,rules,policy,transaction
131,250,250,22,0.088,0.20952380952380953,0.21876633712204666,96642.586,rules,policy,transaction
132,250,250,19,0.076,0.17592592592592593,0.25190651223128063,106502.16500000001,rules,policy,transaction
133,250,250,18,0.072,0.1323529411764706,0.18504349387343386,88788.41200000001,rules,policy,transaction
134,250,250,19,0.076,0.18446601941747573,0.262415771664402,86645.174,rules,policy,transaction
135,250,250,19,0.076,0.2111111111111111,0.16758973943004413,54805.083,rules,policy,transaction
136,250,250,17,0.068,0.2328767123287671,0.2817242304704314,41438.081000000006,rules,policy,transaction
137,250,250,15,0.06,0.21739130434782608,0.20383722989142247,91877.52799999999,rules,policy,transaction
138,250,250,31,0.124,0.2767857142857143,0.28013471569373105,81482.798,rules,policy,transaction
139,250,250,9,0.036,0.14754098360655737,0.24494091576893112,92223.293,rules,policy,transaction
140,250,250,25,0.1,0.24271844660194175,0.22287954875627655,93732.063,rules,policy,transaction
141,250,250,35,0.14,0.26717557251908397,0.21057569484892996,106150.945,rules,policy,transaction
142,250,250,25,0.1,0.24271844660194175,0.3841610456653599,95753.656,rules,policy,transaction
143,250,250,22,0.088,0.30985915492957744,0.2764481356587267,56995.69,rules,policy,transaction
144,250,250,15,0.06,0.16666666666666666,0.16708884471462818,121970.185,rules,policy,transaction
145,250,250,19,0.076,0.2835820895522388,0.3478729071702101,97448.824,rules,policy,transaction
146,250,250,17,0.068,0.17346938775510204,0.14278350471326934,69741.256,rules,policy,transaction
147,250,250,19,0.076,0.24050632911392406,0.5268795487416045,97023.54500000001,rules,policy,transaction
148,250,250,20,0.08,0.23255813953488372,0.38157501714448366,78175.84799999998,rules,policy,transaction
149,250,250,24,0.096,0.36363636363636365,0.4325755822845119,69035.768,rules,policy,transaction
150,250,250,10,0.04,0.14492753623188406,0.32803783808510995,51300.181,rules,policy,transaction
151,250,250,19,0.076,0.1919191919191919,0.13856473582538173,107340.60600000003,rules,policy,transaction
152,250,250,26,0.104,0.8387096774193549,0.9305058346573238,44678.789,rules,policy,transaction
130,500,500,29,0.058,0.43283582089552236,0.37797564981639636,135851.017,rules,policy,transaction
131,500,500,47,0.094,0.44761904761904764,0.3573097701669931,126730.679,rules,policy,transaction
132,500,500,35,0.07,0.32407407407407407,0.4200934350602213,141325.538,rules,policy,transaction
133,500,500,58,0.116,0.4264705882352941,0.5976414052446816,122096.88199999998,rules,policy,transaction
134,500,500,28,0.056,0.27184466019417475,0.35567784300177896,138121.854,rules,policy,transaction
135,500,500,41,0.082,0.45555555555555555,0.665245632971423,89231.986,rules,policy,transaction
136,500,500,23,0.046,0.3150684931506849,0.43334330677249006,73449.26400000001,rules,policy,transaction
137,500,500,25,0.05,0.36231884057971014,0.4374602547530361,118268.54800000001,rules,policy,transaction
138,500,500,47,0.094,0.41964285714285715,0.6463651149605906,117818.78,rules,policy,transaction
139,500,500,22,0.044,0.36065573770491804,0.7148284658537266,138320.973,rules,policy,transaction
140,500,500,52,0.104,0.5048543689320388,0.5351542611789178,128086.75,rules,policy,transaction
141,500,500,50,0.1,0.3816793893129771,0.3389848541008459,159621.193,rules,policy,transaction
142,500,500,38,0.076,0.36893203883495146,0.424477059482443,126793.77100000001,rules,policy,transaction
143,500,500,39,0.078,0.5492957746478874,0.6076211411832081,87925.677,rules,policy,transaction
144,500,500,31,0.062,0.34444444444444444,0.43327366274138207,152004.86700000003,rules,policy,transaction
145,500,500,33,0.066,0.4925373134328358,0.4646986430289331,129244.044,rules,policy,transaction
146,500,500,36,0.072,0.3673469387755102,0.3498786255012318,116228.832,rules,policy,transaction
147,500,500,33,0.066,0.4177215189873418,0.6476327756025877,141568.19,rules,policy,transaction
148,500,500,32,0.064,0.37209302325581395,0.5353941614628871,138823.241,rules,policy,transaction
149,500,500,35,0.07,0.5303030303030303,0.5368388694180418,103802.002,rules,policy,transaction
150,500,500,25,0.05,0.36231884057971014,0.460774391651114,75980.727,rules,policy,transaction
151,500,500,25,0.05,0.25252525252525254,0.2747701397877413,162358.452,rules,policy,transaction
152,500,500,27,0.054,0.8709677419354839,0.9707708882952285,68981.849,rules,policy,transaction
130,50,50,2,0.04,0.029850746268656716,0.005057920846451604,35084.584,rules,policy,entity_deduplicated
131,50,50,8,0.16,0.0761904761904762,0.1421991250933494,25716.765000000003,rules,policy,entity_deduplicated
132,50,50,4,0.08,0.037037037037037035,0.025910079841430643,22733.495,rules,policy,entity_deduplicated
133,50,50,3,0.06,0.022058823529411766,0.005787929130483093,24728.112,rules,policy,entity_deduplicated
134,50,50,3,0.06,0.02912621359223301,0.006960733903082292,19361.681,rules,policy,entity_deduplicated
135,50,50,5,0.1,0.05555555555555555,0.06627184973728543,22462.683,rules,policy,entity_deduplicated
136,50,50,7,0.14,0.0958904109589041,0.21253759724103174,14406.144000000002,rules,policy,entity_deduplicated
137,50,50,4,0.08,0.057971014492753624,0.01888099618526187,14730.202000000001,rules,policy,entity_deduplicated
138,50,50,6,0.12,0.05357142857142857,0.1139063604987649,22698.208,rules,policy,entity_deduplicated
139,50,50,2,0.04,0.03278688524590164,0.026503282300423956,21236.326,rules,policy,entity_deduplicated
140,50,50,6,0.12,0.05825242718446602,0.09431408798148336,24299.083000000002,rules,policy,entity_deduplicated
141,50,50,5,0.1,0.03816793893129771,0.075671805512247,22744.376,rules,policy,entity_deduplicated
142,50,50,5,0.1,0.04854368932038835,0.12219858007345923,23971.591,rules,policy,entity_deduplicated
143,50,50,6,0.12,0.08450704225352113,0.17100746728642935,23655.788,rules,policy,entity_deduplicated
144,50,50,3,0.06,0.03333333333333333,0.09490419807566224,27738.068000000003,rules,policy,entity_deduplicated
145,50,50,5,0.1,0.07462686567164178,0.052617634374537876,25200.755999999998,rules,policy,entity_deduplicated
146,50,50,3,0.06,0.030612244897959183,0.008412387305811507,15923.774000000001,rules,policy,entity_deduplicated
147,50,50,6,0.12,0.0759493670886076,0.22156910534668645,22941.184,rules,policy,entity_deduplicated
148,50,50,3,0.06,0.03488372093023256,0.09626217772034495,20102.812000000005,rules,policy,entity_deduplicated
149,50,50,7,0.14,0.10606060606060606,0.24028079926907558,23774.918,rules,policy,entity_deduplicated
150,50,50,2,0.04,0.028985507246376812,0.06651951912900855,15394.695,rules,policy,entity_deduplicated
151,50,50,3,0.06,0.030303030303030304,0.0659658067071558,23000.396000000004,rules,policy,entity_deduplicated
152,50,50,7,0.14,0.22580645161290322,0.4557663312901998,24221.77,rules,policy,entity_deduplicated
130,100,100,5,0.05,0.07462686567164178,0.10407721916459844,55469.693,rules,policy,entity_deduplicated
131,100,100,11,0.11,0.10476190476190476,0.18908105970318106,66886.246,rules,policy,entity_deduplicated
132,100,100,6,0.06,0.05555555555555555,0.1553714756634114,75421.49199999998,rules,policy,entity_deduplicated
133,100,100,6,0.06,0.04411764705882353,0.043283856591392895,67216.504,rules,policy,entity_deduplicated
134,100,100,5,0.05,0.04854368932038835,0.22979538177214046,58842.658,rules,policy,entity_deduplicated
135,100,100,7,0.07,0.07777777777777778,0.08624313410287301,43443.055,rules,policy,entity_deduplicated
136,100,100,9,0.09,0.1232876712328767,0.23304220077057938,27874.884,rules,policy,entity_deduplicated
137,100,100,8,0.08,0.11594202898550725,0.16048484246985967,52289.185000000005,rules,policy,entity_deduplicated
138,100,100,9,0.09,0.08035714285714286,0.14991115384735496,64130.149999999994,rules,policy,entity_deduplicated
139,100,100,4,0.04,0.06557377049180328,0.17975024088808833,57246.991,rules,policy,entity_deduplicated
140,100,100,8,0.08,0.07766990291262135,0.16358158708426482,70762.62699999998,rules,policy,entity_deduplicated
141,100,100,6,0.06,0.04580152671755725,0.07674189443695942,66270.28899999999,rules,policy,entity_deduplicated
142,100,100,11,0.11,0.10679611650485436,0.2695162226147274,55357.382,rules,policy,entity_deduplicated
143,100,100,9,0.09,0.1267605633802817,0.21968198785080528,39648.683,rules,policy,entity_deduplicated
144,100,100,5,0.05,0.05555555555555555,0.10629635379571616,68160.85799999998,rules,policy,entity_deduplicated
145,100,100,8,0.08,0.11940298507462686,0.2601522238027736,64449.437999999995,rules,policy,entity_deduplicated
146,100,100,6,0.06,0.061224489795918366,0.06082947375271113,49363.384,rules,policy,entity_deduplicated
147,100,100,7,0.07,0.08860759493670886,0.37492741142656877,70219.505,rules,policy,entity_deduplicated
148,100,100,8,0.08,0.09302325581395349,0.30438956195183164,58538.30099999999,rules,policy,entity_deduplicated
149,100,100,11,0.11,0.16666666666666666,0.28764395568508766,43430.350999999995,rules,policy,entity_deduplicated
150,100,100,4,0.04,0.057971014492753624,0.2821381632882784,30466.703999999998,rules,policy,entity_deduplicated
151,100,100,3,0.03,0.030303030303030304,0.0659658067071558,67812.87,rules,policy,entity_deduplicated
152,100,100,12,0.12,0.3870967741935484,0.62426993371852,32907.193,rules,policy,entity_deduplicated
130,250,250,14,0.056,0.208955223880597,0.2979069023507858,87524.027,rules,policy,entity_deduplicated
131,250,250,21,0.084,0.2,0.2561992924406348,98140.644,rules,policy,entity_deduplicated
132,250,250,16,0.064,0.14814814814814814,0.22086702474282555,101035.093,rules,policy,entity_deduplicated
133,250,250,14,0.056,0.10294117647058823,0.1799470793916039,102271.58499999999,rules,policy,entity_deduplicated
134,250,250,11,0.044,0.10679611650485436,0.3050636471922466,109230.26000000001,rules,policy,entity_deduplicated
135,250,250,19,0.076,0.2111111111111111,0.3918142314143388,72172.082,rules,policy,entity_deduplicated
136,250,250,16,0.064,0.2191780821917808,0.3911055458883184,49707.647000000004,rules,policy,entity_deduplicated
137,250,250,12,0.048,0.17391304347826086,0.18860623095913667,89252.48,rules,policy,entity_deduplicated
138,250,250,17,0.068,0.15178571428571427,0.24492972225321455,91523.652,rules,policy,entity_deduplicated
139,250,250,9,0.036,0.14754098360655737,0.46987793953782275,101964.84999999999,rules,policy,entity_deduplicated
140,250,250,17,0.068,0.1650485436893204,0.3047367266835056,99119.975,rules,policy,entity_deduplicated
141,250,250,12,0.048,0.0916030534351145,0.20805656717793639,122036.723,rules,policy,entity_deduplicated
142,250,250,20,0.08,0.1941747572815534,0.3736768218476782,86197.79999999999,rules,policy,entity_deduplicated
143,250,250,17,0.068,0.23943661971830985,0.372057611127297,64211.829999999994,rules,policy,entity_deduplicated
144,250,250,12,0.048,0.13333333333333333,0.16625844454575248,116115.90699999999,rules,policy,entity_deduplicated
145,250,250,20,0.08,0.29850746268656714,0.35273785665272217,96501.743,rules,policy,entity_deduplicated
146,250,250,17,0.068,0.17346938775510204,0.27781539602336897,89220.997,rules,policy,entity_deduplicated
147,250,250,17,0.068,0.21518987341772153,0.47630068475790255,109356.22899999999,rules,policy,entity_deduplicated
148,250,250,17,0.068,0.19767441860465115,0.4758546443911513,105946.22199999998,rules,policy,entity_deduplicated
149,250,250,27,0.108,0.4090909090909091,0.48849842994602777,69813.121,rules,policy,entity_deduplicated
150,250,250,13,0.052,0.18840579710144928,0.318234070210372,48693.104999999996,rules,policy,entity_deduplicated
151,250,250,9,0.036,0.09090909090909091,0.22436331731717332,136208.79100000003,rules,policy,entity_deduplicated
152,250,250,19,0.076,0.6129032258064516,0.6915483917018495,46784.117,rules,policy,entity_deduplicated
130,500,500,29,0.058,0.43283582089552236,0.513317472388467,123468.075,rules,policy,entity_deduplicated
131,500,500,40,0.08,0.38095238095238093,0.4237897641750829,135942.182,rules,policy,entity_deduplicated
132,500,500,30,0.06,0.2777777777777778,0.3914324185544857,141780.826,rules,policy,entity_deduplicated
133,500,500,48,0.096,0.35294117647058826,0.48554656039202687,134811.93399999998,rules,policy,entity_deduplicated
134,500,500,33,0.066,0.32038834951456313,0.4779545146770176,159438.17200000002,rules,policy,entity_deduplicated
135,500,500,33,0.066,0.36666666666666664,0.4603709189832589,106232.80099999999,rules,policy,entity_deduplicated
136,500,500,31,0.062,0.4246575342465753,0.5274489386161064,76301.49900000001,rules,policy,entity_deduplicated
137,500,500,20,0.04,0.2898550724637681,0.40591789508044274,135265.258,rules,policy,entity_deduplicated
138,500,500,32,0.064,0.2857142857142857,0.37221947313479153,135094.926,rules,policy,entity_deduplicated
139,500,500,20,0.04,0.32786885245901637,0.756750106123243,143107.395,rules,policy,entity_deduplicated
140,500,500,40,0.08,0.3883495145631068,0.4727325547607053,134608.285,rules,policy,entity_deduplicated
141,500,500,26,0.052,0.1984732824427481,0.2625644643696465,159841.92500000002,rules,policy,entity_deduplicated
142,500,500,27,0.054,0.2621359223300971,0.4426498749763021,124036.891,rules,policy,entity_deduplicated
143,500,500,24,0.048,0.3380281690140845,0.6023413613480282,92087.999,rules,policy,entity_deduplicated
144,500,500,24,0.048,0.26666666666666666,0.35059229066936654,155241.923,rules,policy,entity_deduplicated
145,500,500,23,0.046,0.34328358208955223,0.41233271438144303,132311.925,rules,policy,entity_deduplicated
146,500,500,27,0.054,0.2755102040816326,0.34046142003454144,134406.791,rules,policy,entity_deduplicated
147,500,500,23,0.046,0.2911392405063291,0.5028172906323506,161367.941,rules,policy,entity_deduplicated
148,500,500,27,0.054,0.313953488372093,0.5904355461841947,147897.691,rules,policy,entity_deduplicated
149,500,500,30,0.06,0.45454545454545453,0.5072762166816301,105816.68299999999,rules,policy,entity_deduplicated
150,500,500,25,0.05,0.36231884057971014,0.53401924799787,77214.155,rules,policy,entity_deduplicated
151,500,500,28,0.056,0.2828282828282828,0.40482509290537116,186458.18199999997,rules,policy,entity_deduplicated
152,500,500,21,0.042,0.6774193548387096,0.7394288906503371,72376.00700000001,rules,policy,entity_deduplicated
130,50,50,4,0.08,0.05970149253731343,0.020318651310198402,10232.353000000003,linear,policy,transaction
131,50,50,14,0.28,0.13333333333333333,0.04142722790475245,1551.215,linear,policy,transaction
132,50,50,18,0.36,0.16666666666666666,0.016929753866339804,2779.002,linear,policy,transaction
133,50,50,14,0.28,0.10294117647058823,0.03590712321119389,1551.7690000000002,linear,policy,transaction
134,50,50,12,0.24,0.11650485436893204,0.03778212549994434,1353.754,linear,policy,transaction
135,50,50,12,0.24,0.13333333333333333,0.05885365442242586,1351.4689999999998,linear,policy,transaction
136,50,50,8,0.16,0.1095890410958904,0.15331456095870993,3437.616,linear,policy,transaction
137,50,50,0,0.0,0.0,0.0,4810.972000000001,linear,policy,transaction
138,50,50,9,0.18,0.08035714285714286,0.0313146703891487,1968.8960000000002,linear,policy,transaction
139,50,50,2,0.04,0.03278688524590164,0.025782219793100667,2454.5380000000005,linear,policy,transaction
140,50,50,6,0.12,0.05825242718446602,0.026210121192170404,5886.447999999999,linear,policy,transaction
141,50,50,17,0.34,0.1297709923664122,0.016950966875659026,5066.6089999999995,linear,policy,transaction
142,50,50,10,0.2,0.0970873786407767,0.018368883781728938,1774.534,linear,policy,transaction
143,50,50,8,0.16,0.11267605633802817,0.04483685139726104,2800.6270000000004,linear,policy,transaction
144,50,50,9,0.18,0.1,0.034126630994866944,3470.843,linear,policy,transaction
145,50,50,5,0.1,0.07462686567164178,0.011655806649411913,2607.1800000000003,linear,policy,transaction
146,50,50,8,0.16,0.08163265306122448,0.03791319775352286,5935.926999999999,linear,policy,transaction
147,50,50,8,0.16,0.10126582278481013,0.03227339213747899,2183.9790000000003,linear,policy,transaction
148,50,50,7,0.14,0.08139534883720931,0.04059038666986365,2621.214,linear,policy,transaction
149,50,50,16,0.32,0.24242424242424243,0.16017093062670176,3043.41,linear,policy,transaction
150,50,50,3,0.06,0.043478260869565216,0.026902376856348813,2027.7930000000001,linear,policy,transaction
151,50,50,6,0.12,0.06060606060606061,0.08086618865888051,3867.58,linear,policy,transaction
152,50,50,16,0.32,0.5161290322580645,0.34817828867520045,2562.5969999999998,linear,policy,transaction
130,100,100,9,0.09,0.13432835820895522,0.07639072464639655,20318.911,linear,policy,transaction
131,100,100,24,0.24,0.22857142857142856,0.06255466599644183,6056.403000000001,linear,policy,transaction
132,100,100,21,0.21,0.19444444444444445,0.029637009903919112,6313.565999999999,linear,policy,transaction
133,100,100,20,0.2,0.14705882352941177,0.045040128929218395,5826.303,linear,policy,transaction
134,100,100,21,0.21,0.20388349514563106,0.06623511782887444,5870.547999999999,linear,policy,transaction
135,100,100,21,0.21,0.23333333333333334,0.08588666203947372,4614.226999999999,linear,policy,transaction
136,100,100,10,0.1,0.136986301369863,0.15551814969082337,9736.307,linear,policy,transaction
137,100,100,3,0.03,0.043478260869565216,0.07967013801338131,24170.400999999998,linear,policy,transaction
138,100,100,19,0.19,0.16964285714285715,0.0632116741488215,7577.804,linear,policy,transaction
139,100,100,5,0.05,0.08196721311475409,0.05252087904904017,9971.697,linear,policy,transaction
140,100,100,17,0.17,0.1650485436893204,0.07552200839797907,12580.358000000002,linear,policy,transaction
141,100,100,21,0.21,0.16030534351145037,0.04279608013487427,12188.336000000003,linear,policy,transaction
142,100,100,17,0.17,0.1650485436893204,0.06725398670928487,9279.019,linear,policy,transaction
143,100,100,16,0.16,0.22535211267605634,0.07419512233044787,7883.081000000001,linear,policy,transaction
144,100,100,12,0.12,0.13333333333333333,0.04972373004384029,14580.409000000001,linear,policy,transaction
145,100,100,11,0.11,0.16417910447761194,0.04021661047424997,10038.143,linear,policy,transaction
146,100,100,14,0.14,0.14285714285714285,0.08852426590905003,14947.247999999998,linear,policy,transaction
147,100,100,15,0.15,0.189873417721519,0.1006364566118455,10470.643000000002,linear,policy,transaction
148,100,100,16,0.16,0.18604651162790697,0.09759566274402089,8621.376,linear,policy,transaction
149,100,100,19,0.19,0.2878787878787879,0.18682332666947837,11252.918,linear,policy,transaction
150,100,100,12,0.12,0.17391304347826086,0.08008558492109956,4970.968000000001,linear,policy,transaction
151,100,100,10,0.1,0.10101010101010101,0.1156599019755199,9878.723,linear,policy,transaction
152,100,100,19,0.19,0.6129032258064516,0.38272181952866074,7459.784000000001,linear,policy,transaction
130,250,250,16,0.064,0.23880597014925373,0.16913737006490961,46556.85599999999,linear,policy,transaction
131,250,250,35,0.14,0.3333333333333333,0.1595898299231362,24278.910000000003,linear,policy,transaction
132,250,250,27,0.108,0.25,0.05151508227862074,22787.432,linear,policy,transaction
133,250,250,35,0.14,0.25735294117647056,0.16090908724957537,24146.312000000005,linear,policy,transaction
134,250,250,34,0.136,0.3300970873786408,0.13643472209336055,21932.626000000004,linear,policy,transaction
135,250,250,31,0.124,0.34444444444444444,0.13474219990764047,23391.738000000005,linear,policy,transaction
136,250,250,20,0.08,0.273972602739726,0.2390743270553158,21371.497000000003,linear,policy,transaction
137,250,250,12,0.048,0.17391304347826086,0.2393721995057935,46680.006,linear,policy,transaction
138,250,250,33,0.132,0.29464285714285715,0.10344951326957533,26051.079,linear,policy,transaction
139,250,250,15,0.06,0.2459016393442623,0.3050280644260662,29329.721999999998,linear,policy,transaction
140,250,250,39,0.156,0.3786407766990291,0.20980563853509943,30990.695999999996,linear,policy,transaction
141,250,250,32,0.128,0.24427480916030533,0.0837847228350791,38957.534999999996,linear,policy,transaction
142,250,250,33,0.132,0.32038834951456313,0.18588495346319187,27717.829,linear,policy,transaction
143,250,250,24,0.096,0.3380281690140845,0.10899300656844295,24631.798000000003,linear,policy,transaction
144,250,250,20,0.08,0.2222222222222222,0.11005479749736014,42633.587999999996,linear,policy,transaction
145,250,250,15,0.06,0.22388059701492538,0.0760189657914097,27232.808,linear,policy,transaction
146,250,250,23,0.092,0.23469387755102042,0.17261568680841155,37134.027,linear,policy,transaction
147,250,250,25,0.1,0.31645569620253167,0.20853245375339288,32516.586999999996,linear,policy,transaction
148,250,250,28,0.112,0.32558139534883723,0.16597023575610306,23817.444000000003,linear,policy,transaction
149,250,250,23,0.092,0.3484848484848485,0.2188183908087097,26349.706,linear,policy,transaction
150,250,250,25,0.1,0.36231884057971014,0.20282498086662248,18143.833,linear,policy,transaction
151,250,250,22,0.088,0.2222222222222222,0.2728350997813136,27054.316,linear,policy,transaction
152,250,250,25,0.1,0.8064516129032258,0.41555329501602667,25235.165,linear,policy,transaction
130,500,500,31,0.062,0.4626865671641791,0.35954012029762444,79676.29299999999,linear,policy,transaction
131,500,500,51,0.102,0.4857142857142857,0.3197213761713135,53200.821,linear,policy,transaction
132,500,500,31,0.062,0.28703703703703703,0.10314475159945055,60015.801999999996,linear,policy,transaction
133,500,500,56,0.112,0.4117647058823529,0.3273659607108352,54921.966,linear,policy,transaction
134,500,500,47,0.094,0.4563106796116505,0.20642325467390332,56318.102,linear,policy,transaction
135,500,500,43,0.086,0.4777777777777778,0.24906102702176228,46607.64,linear,policy,transaction
136,500,500,39,0.078,0.5342465753424658,0.4620066100280305,47843.721,linear,policy,transaction
137,500,500,22,0.044,0.3188405797101449,0.33607525524363363,81595.215,linear,policy,transaction
138,500,500,48,0.096,0.42857142857142855,0.20593456528410753,56477.452,linear,policy,transaction
139,500,500,22,0.044,0.36065573770491804,0.4247995332206202,77863.086,linear,policy,transaction
140,500,500,54,0.108,0.5242718446601942,0.34376926016205883,66466.277,linear,policy,transaction
141,500,500,53,0.106,0.40458015267175573,0.2394751232414277,67325.92,linear,policy,transaction
142,500,500,54,0.108,0.5242718446601942,0.3402198800273229,64959.613,linear,policy,transaction
143,500,500,34,0.068,0.4788732394366197,0.2946366662236617,50105.212,linear,policy,transaction
144,500,500,31,0.062,0.34444444444444444,0.26201357150878585,79986.59,linear,policy,transaction
145,500,500,25,0.05,0.373134328358209,0.1872075576067661,57276.778000000006,linear,policy,transaction
146,500,500,39,0.078,0.3979591836734694,0.30676691729323313,68247.65400000001,linear,policy,transaction
147,500,500,33,0.066,0.4177215189873418,0.2631876358260306,69215.56599999999,linear,policy,transaction
148,500,500,38,0.076,0.4418604651162791,0.33398587376130257,66044.209,linear,policy,transaction
149,500,500,32,0.064,0.48484848484848486,0.3390783795320719,60823.41499999999,linear,policy,transaction
150,500,500,36,0.072,0.5217391304347826,0.36053656723820937,42138.052,linear,policy,transaction
151,500,500,41,0.082,0.41414141414141414,0.4460696652002805,70209.755,linear,policy,transaction
152,500,500,29,0.058,0.9354838709677419,0.7081606466571487,54214.102,linear,policy,transaction
130,50,50,3,0.06,0.04477611940298507,0.018964332084252602,10674.162000000002,linear,policy,entity_deduplicated
131,50,50,11,0.22,0.10476190476190476,0.020533637274445474,2541.051,linear,policy,entity_deduplicated
132,50,50,11,0.22,0.10185185185185185,0.01147546459863384,4547.148,linear,policy,entity_deduplicated
133,50,50,11,0.22,0.08088235294117647,0.03345626301865277,2589.9080000000004,linear,policy,entity_deduplicated
134,50,50,14,0.28,0.13592233009708737,0.05322219194892755,4030.2460000000005,linear,policy,entity_deduplicated
135,50,50,13,0.26,0.14444444444444443,0.0654100734543839,2030.292,linear,policy,entity_deduplicated
136,50,50,6,0.12,0.0821917808219178,0.131156056108469,7035.713000000001,linear,policy,entity_deduplicated
137,50,50,2,0.04,0.028985507246376812,0.07612397987535117,8851.539999999999,linear,policy,entity_deduplicated
138,50,50,9,0.18,0.08035714285714286,0.044263411595735956,3316.1319999999996,linear,policy,entity_deduplicated
139,50,50,2,0.04,0.03278688524590164,0.025782219793100667,5257.121999999999,linear,policy,entity_deduplicated
140,50,50,7,0.14,0.06796116504854369,0.026533774599937048,6534.229999999999,linear,policy,entity_deduplicated
141,50,50,11,0.22,0.08396946564885496,0.03360249189231239,7707.469999999999,linear,policy,entity_deduplicated
142,50,50,14,0.28,0.13592233009708737,0.06127322523133419,5849.107,linear,policy,entity_deduplicated
143,50,50,9,0.18,0.1267605633802817,0.05496309299883127,5239.309,linear,policy,entity_deduplicated
144,50,50,8,0.16,0.08888888888888889,0.023884421153953027,4125.628,linear,policy,entity_deduplicated
145,50,50,7,0.14,0.1044776119402985,0.025411264759403848,5372.279999999999,linear,policy,entity_deduplicated
146,50,50,7,0.14,0.07142857142857142,0.06594056031777427,9291.005,linear,policy,entity_deduplicated
147,50,50,6,0.12,0.0759493670886076,0.050265964533052224,5567.486,linear,policy,entity_deduplicated
148,50,50,9,0.18,0.10465116279069768,0.052285047305781596,3032.307,linear,policy,entity_deduplicated
149,50,50,12,0.24,0.18181818181818182,0.10434352425722845,5131.209,linear,policy,entity_deduplicated
150,50,50,6,0.12,0.08695652173913043,0.04644720549889928,3067.812,linear,policy,entity_deduplicated
151,50,50,6,0.12,0.06060606060606061,0.10756293307973451,6017.447,linear,policy,entity_deduplicated
152,50,50,12,0.24,0.3870967741935484,0.3302360413727783,4503.693,linear,policy,entity_deduplicated
130,100,100,6,0.06,0.08955223880597014,0.06997848457399915,22611.391,linear,policy,entity_deduplicated
131,100,100,13,0.13,0.12380952380952381,0.025400434789557655,10633.701,linear,policy,entity_deduplicated
132,100,100,13,0.13,0.12037037037037036,0.021272810825924828,11535.5,linear,policy,entity_deduplicated
133,100,100,15,0.15,0.11029411764705882,0.04105638818038024,9618.487,linear,policy,entity_deduplicated
134,100,100,18,0.18,0.17475728155339806,0.09605356971401438,8112.93,linear,policy,entity_deduplicated
135,100,100,18,0.18,0.2,0.07646064596965656,7325.469999999999,linear,policy,entity_deduplicated
136,100,100,9,0.09,0.1232876712328767,0.15190687891719942,11667.655,linear,policy,entity_deduplicated
137,100,100,5,0.05,0.07246376811594203,0.08232967605901799,20046.515,linear,policy,entity_deduplicated
138,100,100,13,0.13,0.11607142857142858,0.061927031743584826,11747.096000000003,linear,policy,entity_deduplicated
139,100,100,8,0.08,0.13114754098360656,0.06669833622427997,13096.574000000002,linear,policy,entity_deduplicated
140,100,100,16,0.16,0.1553398058252427,0.08157112096328432,12153.944,linear,policy,entity_deduplicated
141,100,100,15,0.15,0.11450381679389313,0.05352332222673285,20848.948000000004,linear,policy,entity_deduplicated
142,100,100,16,0.16,0.1553398058252427,0.06572405077686026,11662.114999999998,linear,policy,entity_deduplicated
143,100,100,11,0.11,0.15492957746478872,0.060548564756525584,10573.721000000001,linear,policy,entity_deduplicated
144,100,100,10,0.1,0.1111111111111111,0.03873424783822127,26264.072,linear,policy,entity_deduplicated
145,100,100,8,0.08,0.11940298507462686,0.0277697993964755,12888.902000000004,linear,policy,entity_deduplicated
146,100,100,8,0.08,0.08163265306122448,0.06868323867406816,17593.849000000002,linear,policy,entity_deduplicated
147,100,100,10,0.1,0.12658227848101267,0.08210800974770603,12908.120000000003,linear,policy,entity_deduplicated
148,100,100,14,0.14,0.16279069767441862,0.07538156391232359,12806.383000000002,linear,policy,entity_deduplicated
149,100,100,12,0.12,0.18181818181818182,0.10434352425722845,13089.451,linear,policy,entity_deduplicated
150,100,100,11,0.11,0.15942028985507245,0.091757844684776,7386.63,linear,policy,entity_deduplicated
151,100,100,8,0.08,0.08080808080808081,0.14038657856409859,13469.695000000002,linear,policy,entity_deduplicated
152,100,100,17,0.17,0.5483870967741935,0.3769817098946449,8773.732,linear,policy,entity_deduplicated
130,250,250,19,0.076,0.2835820895522388,0.24590572134098898,37017.531,linear,policy,entity_deduplicated
131,250,250,20,0.08,0.19047619047619047,0.12629279695290052,31638.061,linear,policy,entity_deduplicated
132,250,250,18,0.072,0.16666666666666666,0.05003932138733237,31119.833,linear,policy,entity_deduplicated
133,250,250,29,0.116,0.21323529411764705,0.19646763963793473,31274.196000000004,linear,policy,entity_deduplicated
134,250,250,29,0.116,0.2815533980582524,0.16265392757278435,33869.614,linear,policy,entity_deduplicated
135,250,250,25,0.1,0.2777777777777778,0.15271365203201676,30103.109000000004,linear,policy,entity_deduplicated
136,250,250,19,0.076,0.2602739726027397,0.2437991618374224,32860.416,linear,policy,entity_deduplicated
137,250,250,8,0.032,0.11594202898550725,0.16011508177350442,48063.649,linear,policy,entity_deduplicated
138,250,250,24,0.096,0.21428571428571427,0.14225474189191914,30026.9,linear,policy,entity_deduplicated
139,250,250,12,0.048,0.19672131147540983,0.29564344675262866,42796.593,linear,policy,entity_deduplicated
140,250,250,28,0.112,0.27184466019417475,0.19400763984037778,34393.423,linear,policy,entity_deduplicated
141,250,250,22,0.088,0.16793893129770993,0.12408018357595926,46274.814,linear,policy,entity_deduplicated
142,250,250,28,0.112,0.27184466019417475,0.17714581281843184,38359.617,linear,policy,entity_deduplicated
143,250,250,13,0.052,0.18309859154929578,0.07865472601748302,29845.861000000004,linear,policy,entity_deduplicated
144,250,250,18,0.072,0.2,0.15895920207572353,50250.251000000004,linear,policy,entity_deduplicated
145,250,250,9,0.036,0.13432835820895522,0.04633216864778708,33167.064,linear,policy,entity_deduplicated
146,250,250,16,0.064,0.16326530612244897,0.20857764500078352,39830.195,linear,policy,entity_deduplicated
147,250,250,19,0.076,0.24050632911392406,0.17485246585945896,38241.449,linear,policy,entity_deduplicated
148,250,250,19,0.076,0.22093023255813954,0.12496836636904235,42318.7,linear,policy,entity_deduplicated
149,250,250,18,0.072,0.2727272727272727,0.16550158870782583,30188.594,linear,policy,entity_deduplicated
150,250,250,20,0.08,0.2898550724637681,0.1696137293612664,22551.669,linear,policy,entity_deduplicated
151,250,250,16,0.064,0.16161616161616163,0.26914045574367784,41848.856,linear,policy,entity_deduplicated
152,250,250,19,0.076,0.6129032258064516,0.4168595374998081,24823.232000000007,linear,policy,entity_deduplicated
130,500,500,23,0.046,0.34328358208955223,0.3372585830972775,67751.494,linear,policy,entity_deduplicated
131,500,500,28,0.056,0.26666666666666666,0.17239597125512657,64313.042,linear,policy,entity_deduplicated
132,500,500,26,0.052,0.24074074074074073,0.14258550364491981,64687.409999999996,linear,policy,entity_deduplicated
133,500,500,47,0.094,0.34558823529411764,0.3500711100926728,62505.856,linear,policy,entity_deduplicated
134,500,500,36,0.072,0.34951456310679613,0.2039536939162097,68350.421,linear,policy,entity_deduplicated
135,500,500,33,0.066,0.36666666666666664,0.23228736035847536,61733.776,linear,policy,entity_deduplicated
136,500,500,28,0.056,0.3835616438356164,0.3354109417813612,57231.854,linear,policy,entity_deduplicated
137,500,500,22,0.044,0.3188405797101449,0.3045339428235571,77899.011,linear,policy,entity_deduplicated
138,500,500,36,0.072,0.32142857142857145,0.21071496808550808,61827.666000000005,linear,policy,entity_deduplicated
139,500,500,23,0.046,0.3770491803278688,0.4869286244766188,73553.06,linear,policy,entity_deduplicated
140,500,500,41,0.082,0.39805825242718446,0.3147115289663725,64280.796,linear,policy,entity_deduplicated
141,500,500,33,0.066,0.25190839694656486,0.1609060573790907,74785.61499999999,linear,policy,entity_deduplicated
142,500,500,45,0.09,0.4368932038834951,0.38925150629462146,71872.717,linear,policy,entity_deduplicated
143,500,500,24,0.048,0.3380281690140845,0.39254535587056205,54650.974,linear,policy,entity_deduplicated
144,500,500,27,0.054,0.3,0.24358445470895373,83297.652,linear,policy,entity_deduplicated
145,500,500,16,0.032,0.23880597014925373,0.11755597946506963,68526.386,linear,policy,entity_deduplicated
146,500,500,21,0.042,0.21428571428571427,0.25070123206889794,77566.579,linear,policy,entity_deduplicated
147,500,500,24,0.048,0.3037974683544304,0.20132167566537248,79869.257,linear,policy,entity_deduplicated
148,500,500,28,0.056,0.32558139534883723,0.29248549612184904,74416.727,linear,policy,entity_deduplicated
149,500,500,27,0.054,0.4090909090909091,0.34538350981454613,63678.81,linear,policy,entity_deduplicated
150,500,500,29,0.058,0.42028985507246375,0.255454233320809,49956.318,linear,policy,entity_deduplicated
151,500,500,25,0.05,0.25252525252525254,0.4240891107889563,83142.113,linear,policy,entity_deduplicated
152,500,500,22,0.044,0.7096774193548387,0.6771980530791377,58898.182,linear,policy,entity_deduplicated
152,50,50,2,0.04,0.02247191011235955,0.016160838646687388,26034.786,rules,oot,transaction
153,50,50,5,0.1,0.03968253968253968,0.13051354222486383,14487.107,rules,oot,transaction
154,50,50,2,0.04,0.02127659574468085,0.018529484870892413,23744.511,rules,oot,transaction
155,50,50,10,0.2,0.08403361344537816,0.1308797945599825,19817.206000000002,rules,oot,transaction
156,50,50,7,0.14,0.12962962962962962,0.09119462716511607,16649.08,rules,oot,transaction
157,50,50,4,0.08,0.057971014492753624,0.10155616932362055,6045.2789999999995,rules,oot,transaction
158,50,50,1,0.02,0.012345679012345678,0.0008836423439382041,17111.716,rules,oot,transaction
159,50,50,11,0.22,0.12359550561797752,0.031413327965378296,14482.748,rules,oot,transaction
160,50,50,3,0.06,0.03529411764705882,0.07395599163953862,15865.525000000001,rules,oot,transaction
161,50,50,0,0.0,0.0,0.0,12107.812,rules,oot,transaction
162,50,50,5,0.1,0.043859649122807015,0.1768681265785056,18603.607,rules,oot,transaction
163,50,50,3,0.06,0.022058823529411766,0.0007371746491568954,15832.696999999998,rules,oot,transaction
164,50,50,5,0.1,0.06493506493506493,0.011266302617547212,10946.201,rules,oot,transaction
165,50,50,3,0.06,0.0410958904109589,0.2548135990628206,8136.588000000001,rules,oot,transaction
166,50,50,13,0.26,0.13829787234042554,0.02479711185234265,11707.163,rules,oot,transaction
167,50,50,5,0.1,0.04201680672268908,0.004748314629889246,19326.266000000003,rules,oot,transaction
168,50,50,3,0.06,0.02586206896551724,0.018670382599522136,19330.293999999998,rules,oot,transaction
169,50,50,7,0.14,0.04794520547945205,0.0689289289211936,17793.738000000005,rules,oot,transaction
170,50,50,1,0.02,0.009900990099009901,0.012144857689976135,10697.683,rules,oot,transaction
171,50,50,2,0.04,0.029411764705882353,0.08662518080931303,5122.266,rules,oot,transaction
172,50,50,8,0.16,0.09876543209876543,0.13331192611532625,8155.764,rules,oot,transaction
173,50,50,3,0.06,0.02112676056338028,0.05521326115297178,11014.128000000002,rules,oot,transaction
174,50,50,14,0.28,0.16091954022988506,0.2318654901140742,14099.453999999998,rules,oot,transaction
175,50,50,3,0.06,0.027777777777777776,0.1479774790080176,20200.01,rules,oot,transaction
176,50,50,12,0.24,0.08275862068965517,0.024763219146009326,11958.646999999999,rules,oot,transaction
177,50,50,4,0.08,0.03669724770642202,0.11303084231227321,8139.207,rules,oot,transaction
178,50,50,2,0.04,0.022727272727272728,0.05703430004782009,8511.869999999999,rules,oot,transaction
179,50,50,7,0.14,0.10606060606060606,0.01009368096598647,6902.046,rules,oot,transaction
180,50,50,5,0.1,0.05102040816326531,0.01277638162408414,14836.599999999997,rules,oot,transaction
181,50,50,9,0.18,0.07377049180327869,0.08266187941078364,22794.761,rules,oot,transaction
182,50,50,7,0.14,0.058823529411764705,0.160618188954772,21001.881000000005,rules,oot,transaction
152,100,100,5,0.05,0.056179775280898875,0.1578649209373738,48064.751,rules,oot,transaction
153,100,100,9,0.09,0.07142857142857142,0.1886982391662449,24687.126,rules,oot,transaction
154,100,100,11,0.11,0.11702127659574468,0.05112370625540075,28441.616,rules,oot,transaction
155,100,100,28,0.28,0.23529411764705882,0.34630627757788285,23720.894,rules,oot,transaction
156,100,100,8,0.08,0.14814814814814814,0.18460354436012494,40888.532999999996,rules,oot,transaction
157,100,100,7,0.07,0.10144927536231885,0.12919554232787298,15505.590999999999,rules,oot,transaction
158,100,100,2,0.02,0.024691358024691357,0.004457315614830015,30932.288,rules,oot,transaction
159,100,100,16,0.16,0.1797752808988764,0.06169551270156052,30724.632,rules,oot,transaction
160,100,100,12,0.12,0.1411764705882353,0.29885274064577255,28641.766000000003,rules,oot,transaction
161,100,100,3,0.03,0.04411764705882353,0.0063656540002036775,16995.587,rules,oot,transaction
162,100,100,13,0.13,0.11403508771929824,0.2176021839879426,22492.839,rules,oot,transaction
163,100,100,10,0.1,0.07352941176470588,0.08163868450473734,27287.989,rules,oot,transaction
164,100,100,15,0.15,0.19480519480519481,0.15846563576583925,16900.702999999998,rules,oot,transaction
165,100,100,7,0.07,0.0958904109589041,0.2846015222280541,12479.956,rules,oot,transaction
166,100,100,17,0.17,0.18085106382978725,0.12141638085513881,14772.949,rules,oot,transaction
167,100,100,7,0.07,0.058823529411764705,0.007740559811010221,21884.551999999996,rules,oot,transaction
168,100,100,10,0.1,0.08620689655172414,0.0352752159337523,25882.058,rules,oot,transaction
169,100,100,9,0.09,0.06164383561643835,0.07591273036563306,24148.096,rules,oot,transaction
170,100,100,8,0.08,0.07920792079207921,0.14150704913964568,16972.721999999998,rules,oot,transaction
171,100,100,6,0.06,0.08823529411764706,0.14279812859782243,11905.348,rules,oot,transaction
172,100,100,8,0.08,0.09876543209876543,0.13331192611532625,11905.764,rules,oot,transaction
173,100,100,7,0.07,0.04929577464788732,0.2040959674844348,20303.905,rules,oot,transaction
174,100,100,23,0.23,0.26436781609195403,0.3042606812579862,19301.137000000002,rules,oot,transaction
175,100,100,4,0.04,0.037037037037037035,0.149388510936727,45947.425,rules,oot,transaction
176,100,100,29,0.29,0.2,0.06060223620586379,15393.649,rules,oot,transaction
177,100,100,9,0.09,0.08256880733944955,0.11909751267207709,24781.402000000002,rules,oot,transaction
178,100,100,11,0.11,0.125,0.06767081677807155,18721.959,rules,oot,transaction
179,100,100,11,0.11,0.16666666666666666,0.015600007069446685,25140.319,rules,oot,transaction
180,100,100,13,0.13,0.1326530612244898,0.01563284779518785,35942.287000000004,rules,oot,transaction
181,100,100,12,0.12,0.09836065573770492,0.1300384341345088,46623.102,rules,oot,transaction
182,100,100,16,0.16,0.13445378151260504,0.3266986612781005,47843.86200000001,rules,oot,transaction
152,250,250,18,0.072,0.20224719101123595,0.5164661468527131,108049.65299999999,rules,oot,transaction
153,250,250,29,0.116,0.23015873015873015,0.4611699870568482,91096.20999999999,rules,oot,transaction
154,250,250,22,0.088,0.23404255319148937,0.32802841231834196,90646.94200000001,rules,oot,transaction
155,250,250,39,0.156,0.3277310924369748,0.5545315350901664,92916.038,rules,oot,transaction
156,250,250,16,0.064,0.2962962962962963,0.3366658770704125,104673.039,rules,oot,transaction
157,250,250,15,0.06,0.21739130434782608,0.20794411131916937,39312.155,rules,oot,transaction
158,250,250,10,0.04,0.12345679012345678,0.027496379454898037,85633.619,rules,oot,transaction
159,250,250,25,0.1,0.2808988764044944,0.1576051834114053,85951.59,rules,oot,transaction
160,250,250,19,0.076,0.2235294117647059,0.3890769826377484,90625.005,rules,oot,transaction
161,250,250,9,0.036,0.1323529411764706,0.21024665979096943,73247.055,rules,oot,transaction
162,250,250,29,0.116,0.2543859649122807,0.3483718148994533,79334.38399999999,rules,oot,transaction
163,250,250,36,0.144,0.2647058823529412,0.13863186979650083,56988.844000000005,rules,oot,transaction
164,250,250,19,0.076,0.24675324675324675,0.16655076362741011,40223.186,rules,oot,transaction
165,250,250,14,0.056,0.1917808219178082,0.30079011889211377,61280.609000000004,rules,oot,transaction
166,250,250,24,0.096,0.2553191489361702,0.18820009530119747,84614.478,rules,oot,transaction
167,250,250,27,0.108,0.226890756302521,0.12662200834519827,78963.34599999999,rules,oot,transaction
168,250,250,32,0.128,0.27586206896551724,0.11616691564189455,79909.94399999999,rules,oot,transaction
169,250,250,23,0.092,0.15753424657534246,0.22609485657351835,107206.07800000001,rules,oot,transaction
170,250,250,21,0.084,0.2079207920792079,0.29512654684137557,54620.984,rules,oot,transaction
171,250,250,6,0.024,0.08823529411764706,0.14279812859782243,28198.866,rules,oot,transaction
172,250,250,12,0.048,0.14814814814814814,0.20594571303181233,27594.337,rules,oot,transaction
173,250,250,29,0.116,0.20422535211267606,0.4286120496997374,77631.853,rules,oot,transaction
174,250,250,34,0.136,0.39080459770114945,0.49610480011784147,84644.535,rules,oot,transaction
175,250,250,25,0.1,0.23148148148148148,0.18623938406396218,90974.12,rules,oot,transaction
176,250,250,38,0.152,0.2620689655172414,0.19815907101733665,110509.22,rules,oot,transaction
177,250,250,34,0.136,0.3119266055045872,0.40032441902334986,55082.458,rules,oot,transaction
178,250,250,25,0.1,0.2840909090909091,0.30865873197034877,36822.171,rules,oot,transaction
179,250,250,19,0.076,0.2878787878787879,0.4109286940032623,47462.84,rules,oot,transaction
180,250,250,27,0.108,0.2755102040816326,0.27524194640182836,117204.837,rules,oot,transaction
181,250,250,26,0.104,0.21311475409836064,0.24527436798377814,101272.223,rules,oot,transaction
182,250,250,31,0.124,0.2605042016806723,0.3890061529962692,124954.48500000002,rules,oot,transaction
152,500,500,24,0.048,0.2696629213483146,0.5600648815878162,145631.543,rules,oot,transaction
153,500,500,47,0.094,0.373015873015873,0.7192016439934308,142730.119,rules,oot,transaction
154,500,500,33,0.066,0.35106382978723405,0.3661340655624531,139858.903,rules,oot,transaction
155,500,500,53,0.106,0.44537815126050423,0.7311415358973963,144334.735,rules,oot,transaction
156,500,500,26,0.052,0.48148148148148145,0.644020246910265,142790.547,rules,oot,transaction
157,500,500,21,0.042,0.30434782608695654,0.33441192701535555,69408.281,rules,oot,transaction
158,500,500,22,0.044,0.2716049382716049,0.3141884890180937,132691.057,rules,oot,transaction
159,500,500,45,0.09,0.5056179775280899,0.3285668528239046,118239.897,rules,oot,transaction
160,500,500,29,0.058,0.3411764705882353,0.45268241253493924,130511.493,rules,oot,transaction
161,500,500,20,0.04,0.29411764705882354,0.4760353037499764,121371.35500000001,rules,oot,transaction
162,500,500,45,0.09,0.39473684210526316,0.39201718237499933,133487.33399999997,rules,oot,transaction
163,500,500,58,0.116,0.4264705882352941,0.40858424141988015,97172.198,rules,oot,transaction
164,500,500,25,0.05,0.3246753246753247,0.27456347934447733,76545.878,rules,oot,transaction
165,500,500,22,0.044,0.3013698630136986,0.4269399676932679,115661.36500000002,rules,oot,transaction
166,500,500,43,0.086,0.4574468085106383,0.2443267247564001,141868.583,rules,oot,transaction
167,500,500,48,0.096,0.40336134453781514,0.4686852199182357,131630.37,rules,oot,transaction
168,500,500,47,0.094,0.4051724137931034,0.4015940761418539,139287.11,rules,oot,transaction
169,500,500,45,0.09,0.3082191780821918,0.297106883780786,162326.046,rules,oot,transaction
170,500,500,33,0.066,0.32673267326732675,0.42251587121291617,92298.036,rules,oot,transaction
171,500,500,7,0.014,0.10294117647058823,0.14729496514595336,55030.462,rules,oot,transaction
172,500,500,26,0.052,0.32098765432098764,0.615042274382232,105161.886,rules,oot,transaction
173,500,500,63,0.126,0.44366197183098594,0.5955022942091146,112796.71299999999,rules,oot,transaction
174,500,500,45,0.09,0.5172413793103449,0.624213498775667,130090.60100000001,rules,oot,transaction
175,500,500,37,0.074,0.3425925925925926,0.29583823722757097,131892.658,rules,oot,transaction
176,500,500,56,0.112,0.38620689655172413,0.28239841896495516,166828.492,rules,oot,transaction
177,500,500,62,0.124,0.5688073394495413,0.6667605185164668,86809.615,rules,oot,transaction
178,500,500,63,0.126,0.7159090909090909,0.6417051405268119,60060.823,rules,oot,transaction
179,500,500,30,0.06,0.45454545454545453,0.5445321438477828,67737.954,rules,oot,transaction
180,500,500,40,0.08,0.40816326530612246,0.44930179903648537,150542.68300000002,rules,oot,transaction
181,500,500,44,0.088,0.36065573770491804,0.5222276984001809,143457.172,rules,oot,transaction
182,500,500,54,0.108,0.453781512605042,0.48211188058898663,173547.094,rules,oot,transaction
152,50,50,3,0.06,0.033707865168539325,0.10685376463953464,26258.754000000004,rules,oot,entity_deduplicated
153,50,50,6,0.12,0.047619047619047616,0.1308233648922833,17408.798,rules,oot,entity_deduplicated
154,50,50,3,0.06,0.031914893617021274,0.02566723833107239,20959.705,rules,oot,entity_deduplicated
155,50,50,13,0.26,0.1092436974789916,0.1950252303869836,18315.961,rules,oot,entity_deduplicated
156,50,50,5,0.1,0.09259259259259259,0.13385603326661724,23725.019999999997,rules,oot,entity_deduplicated
157,50,50,5,0.1,0.07246376811594203,0.1369535467116953,12733.032,rules,oot,entity_deduplicated
158,50,50,1,0.02,0.012345679012345678,0.0008836423439382041,26770.218999999997,rules,oot,entity_deduplicated
159,50,50,6,0.12,0.06741573033707865,0.026870299341484227,16841.443,rules,oot,entity_deduplicated
160,50,50,6,0.12,0.07058823529411765,0.18732589098467886,17049.67,rules,oot,entity_deduplicated
161,50,50,3,0.06,0.04411764705882353,0.009770654889962269,22293.451,rules,oot,entity_deduplicated
162,50,50,7,0.14,0.06140350877192982,0.202740918673765,20694.232,rules,oot,entity_deduplicated
163,50,50,6,0.12,0.04411764705882353,0.08180533208008647,21229.880000000005,rules,oot,entity_deduplicated
164,50,50,3,0.06,0.03896103896103896,0.12560914995835598,14719.206,rules,oot,entity_deduplicated
165,50,50,1,0.02,0.0136986301369863,0.03442496609873285,18357.65,rules,oot,entity_deduplicated
166,50,50,10,0.2,0.10638297872340426,0.10599103796610151,14375.871000000001,rules,oot,entity_deduplicated
167,50,50,4,0.08,0.03361344537815126,0.053605639249987416,26067.249,rules,oot,entity_deduplicated
168,50,50,3,0.06,0.02586206896551724,0.018241971359501327,25672.396,rules,oot,entity_deduplicated
169,50,50,3,0.06,0.02054794520547945,0.0597754802820464,20866.461,rules,oot,entity_deduplicated
170,50,50,4,0.08,0.039603960396039604,0.133459708354888,15890.358,rules,oot,entity_deduplicated
171,50,50,2,0.04,0.029411764705882353,0.12052912284930845,12376.85,rules,oot,entity_deduplicated
172,50,50,7,0.14,0.08641975308641975,0.16820092446220347,22608.188000000002,rules,oot,entity_deduplicated
173,50,50,4,0.08,0.028169014084507043,0.09851450584816793,15812.196,rules,oot,entity_deduplicated
174,50,50,11,0.22,0.12643678160919541,0.21262481606665948,21620.603,rules,oot,entity_deduplicated
175,50,50,3,0.06,0.027777777777777776,0.1479774790080176,29990.960000000003,rules,oot,entity_deduplicated
176,50,50,10,0.2,0.06896551724137931,0.07155382210384079,20507.703,rules,oot,entity_deduplicated
177,50,50,3,0.06,0.027522935779816515,0.08221622856826302,19860.227000000003,rules,oot,entity_deduplicated
178,50,50,4,0.08,0.045454545454545456,0.09274208113598129,16367.921,rules,oot,entity_deduplicated
179,50,50,2,0.04,0.030303030303030304,0.003616101539985762,21583.537,rules,oot,entity_deduplicated
180,50,50,2,0.04,0.02040816326530612,0.005110552649633656,25308.218,rules,oot,entity_deduplicated
181,50,50,5,0.1,0.040983606557377046,0.07677045335602836,30756.787,rules,oot,entity_deduplicated
182,50,50,7,0.14,0.058823529411764705,0.20337251794926772,28358.448,rules,oot,entity_deduplicated
152,100,100,6,0.06,0.06741573033707865,0.39050952748081913,67398.09700000001,rules,oot,entity_deduplicated
153,100,100,7,0.07,0.05555555555555555,0.2516349961805061,64403.04899999999,rules,oot,entity_deduplicated
154,100,100,4,0.04,0.0425531914893617,0.026709870054784726,59897.648,rules,oot,entity_deduplicated
155,100,100,20,0.2,0.16806722689075632,0.3210640566627927,56838.575,rules,oot,entity_deduplicated
156,100,100,6,0.06,0.1111111111111111,0.1997409676741851,65053.31599999999,rules,oot,entity_deduplicated
157,100,100,5,0.05,0.07246376811594203,0.1369535467116953,23166.240999999995,rules,oot,entity_deduplicated
158,100,100,3,0.03,0.037037037037037035,0.007016084277560294,66942.59,rules,oot,entity_deduplicated
159,100,100,7,0.07,0.07865168539325842,0.06216809982460017,61150.333999999995,rules,oot,entity_deduplicated
160,100,100,9,0.09,0.10588235294117647,0.25107998587609176,59689.743,rules,oot,entity_deduplicated
161,100,100,5,0.05,0.07352941176470588,0.13733461067374392,62010.59999999999,rules,oot,entity_deduplicated
162,100,100,9,0.09,0.07894736842105263,0.2361531878154931,52647.149,rules,oot,entity_deduplicated
163,100,100,9,0.09,0.0661764705882353,0.13986177886116544,50022.263,rules,oot,entity_deduplicated
164,100,100,5,0.05,0.06493506493506493,0.15245358256570965,34490.71200000001,rules,oot,entity_deduplicated
165,100,100,2,0.02,0.0273972602739726,0.0867216167253185,65866.191,rules,oot,entity_deduplicated
166,100,100,13,0.13,0.13829787234042554,0.16713856943347347,58443.89399999999,rules,oot,entity_deduplicated
167,100,100,6,0.06,0.05042016806722689,0.11700455934824273,80614.40199999999,rules,oot,entity_deduplicated
168,100,100,5,0.05,0.04310344827586207,0.0596343616996764,65669.378,rules,oot,entity_deduplicated
169,100,100,5,0.05,0.03424657534246575,0.14890024929176718,62991.746999999996,rules,oot,entity_deduplicated
170,100,100,9,0.09,0.0891089108910891,0.19008331615135127,38307.386,rules,oot,entity_deduplicated
171,100,100,6,0.06,0.08823529411764706,0.15922197200898666,24623.843,rules,oot,entity_deduplicated
172,100,100,14,0.14,0.1728395061728395,0.5111142005081911,57261.66099999999,rules,oot,entity_deduplicated
173,100,100,7,0.07,0.04929577464788732,0.2653603941037099,61280.524000000005,rules,oot,entity_deduplicated
174,100,100,13,0.13,0.14942528735632185,0.2877406720568489,59563.469,rules,oot,entity_deduplicated
175,100,100,6,0.06,0.05555555555555555,0.15917251081170022,60818.527,rules,oot,entity_deduplicated
176,100,100,11,0.11,0.07586206896551724,0.16491668304631463,71397.199,rules,oot,entity_deduplicated
177,100,100,14,0.14,0.12844036697247707,0.3012309918843309,38514.981,rules,oot,entity_deduplicated
178,100,100,11,0.11,0.125,0.15988425332405404,24909.379999999997,rules,oot,entity_deduplicated
179,100,100,5,0.05,0.07575757575757576,0.2157645137757886,33947.0,rules,oot,entity_deduplicated
180,100,100,3,0.03,0.030612244897959183,0.011475511362374222,67790.501,rules,oot,entity_deduplicated
181,100,100,10,0.1,0.08196721311475409,0.16395946644907067,67392.31799999998,rules,oot,entity_deduplicated
182,100,100,9,0.09,0.07563025210084033,0.24827458063859595,74787.31199999999,rules,oot,entity_deduplicated
152,250,250,17,0.068,0.19101123595505617,0.49087349035093814,105848.77799999999,rules,oot,entity_deduplicated
153,250,250,18,0.072,0.14285714285714285,0.48016081531446003,106755.21699999999,rules,oot,entity_deduplicated
154,250,250,9,0.036,0.09574468085106383,0.22084359589118482,110838.913,rules,oot,entity_deduplicated
155,250,250,34,0.136,0.2857142857142857,0.6219413182420906,113969.668,rules,oot,entity_deduplicated
156,250,250,13,0.052,0.24074074074074073,0.3415726263921429,100815.61399999999,rules,oot,entity_deduplicated
157,250,250,15,0.06,0.21739130434782608,0.30170427324972227,39033.447,rules,oot,entity_deduplicated
158,250,250,12,0.048,0.14814814814814814,0.2658401160096314,105944.06899999999,rules,oot,entity_deduplicated
159,250,250,10,0.04,0.11235955056179775,0.09809208328828659,92527.831,rules,oot,entity_deduplicated
160,250,250,16,0.064,0.18823529411764706,0.33908555325538176,98979.408,rules,oot,entity_deduplicated
161,250,250,13,0.052,0.19117647058823528,0.2551764921740576,101431.76699999999,rules,oot,entity_deduplicated
162,250,250,11,0.044,0.09649122807017543,0.25002067796865063,104094.219,rules,oot,entity_deduplicated
163,250,250,20,0.08,0.14705882352941177,0.3370541062212359,76340.924,rules,oot,entity_deduplicated
164,250,250,9,0.036,0.11688311688311688,0.2445967428496059,55264.16099999999,rules,oot,entity_deduplicated
165,250,250,5,0.02,0.0684931506849315,0.1339643893501753,89234.427,rules,oot,entity_deduplicated
166,250,250,21,0.084,0.22340425531914893,0.19395576818880145,107581.321,rules,oot,entity_deduplicated
167,250,250,16,0.064,0.13445378151260504,0.3138993931439612,110576.751,rules,oot,entity_deduplicated
168,250,250,13,0.052,0.11206896551724138,0.21518931016684031,111974.31,rules,oot,entity_deduplicated
169,250,250,9,0.036,0.06164383561643835,0.1751174205952401,123098.83299999998,rules,oot,entity_deduplicated
170,250,250,14,0.056,0.13861386138613863,0.29638525563702767,68611.282,rules,oot,entity_deduplicated
171,250,250,16,0.064,0.23529411764705882,0.39457934023308383,43060.972,rules,oot,entity_deduplicated
172,250,250,19,0.076,0.2345679012345679,0.5563439484249081,97746.446,rules,oot,entity_deduplicated
173,250,250,22,0.088,0.15492957746478872,0.3651765518806019,93149.763,rules,oot,entity_deduplicated
174,250,250,24,0.096,0.27586206896551724,0.4347961832688963,97061.605,rules,oot,entity_deduplicated
175,250,250,16,0.064,0.14814814814814814,0.24532463843604643,94046.64099999999,rules,oot,entity_deduplicated
176,250,250,19,0.076,0.1310344827586207,0.22400305248084512,129684.92000000001,rules,oot,entity_deduplicated
177,250,250,34,0.136,0.3119266055045872,0.48190531257790215,60207.057,rules,oot,entity_deduplicated
178,250,250,41,0.164,0.4659090909090909,0.5281386957573706,38479.932,rules,oot,entity_deduplicated
179,250,250,16,0.064,0.24242424242424243,0.4567960483384214,46834.023,rules,oot,entity_deduplicated
180,250,250,13,0.052,0.1326530612244898,0.2641916779310524,111011.91600000001,rules,oot,entity_deduplicated
181,250,250,22,0.088,0.18032786885245902,0.2795790175826687,111084.31100000002,rules,oot,entity_deduplicated
182,250,250,19,0.076,0.15966386554621848,0.31890492657654623,120545.74,rules,oot,entity_deduplicated
152,500,500,33,0.066,0.3707865168539326,0.6057614652822304,150600.764,rules,oot,entity_deduplicated
153,500,500,41,0.082,0.3253968253968254,0.6104873485772695,150314.443,rules,oot,entity_deduplicated
154,500,500,23,0.046,0.24468085106382978,0.3553274265673565,163414.069,rules,oot,entity_deduplicated
155,500,500,50,0.1,0.42016806722689076,0.7083706034162445,154239.12,rules,oot,entity_deduplicated
156,500,500,22,0.044,0.4074074074074074,0.5227140948685515,140494.599,rules,oot,entity_deduplicated
157,500,500,20,0.04,0.2898550724637681,0.37509401365008793,66803.081,rules,oot,entity_deduplicated
158,500,500,21,0.042,0.25925925925925924,0.31656114427720305,149569.25999999998,rules,oot,entity_deduplicated
159,500,500,27,0.054,0.30337078651685395,0.3446878625588363,127768.265,rules,oot,entity_deduplicated
160,500,500,29,0.058,0.3411764705882353,0.5560090596124613,134676.20299999998,rules,oot,entity_deduplicated
161,500,500,20,0.04,0.29411764705882354,0.4679667772433557,135473.60499999998,rules,oot,entity_deduplicated
162,500,500,27,0.054,0.23684210526315788,0.4334984201538885,135742.035,rules,oot,entity_deduplicated
163,500,500,37,0.074,0.27205882352941174,0.37796433741887525,106869.26699999999,rules,oot,entity_deduplicated
164,500,500,19,0.038,0.24675324675324675,0.34424139906862977,75637.605,rules,oot,entity_deduplicated
165,500,500,18,0.036,0.2465753424657534,0.20107571427043752,133637.484,rules,oot,entity_deduplicated
166,500,500,34,0.068,0.3617021276595745,0.3690126518784096,149230.544,rules,oot,entity_deduplicated
167,500,500,39,0.078,0.3277310924369748,0.510883199925583,144417.02000000002,rules,oot,entity_deduplicated
168,500,500,23,0.046,0.19827586206896552,0.32353547859054493,148922.84399999998,rules,oot,entity_deduplicated
169,500,500,31,0.062,0.21232876712328766,0.34361442924858543,161481.635,rules,oot,entity_deduplicated
170,500,500,27,0.054,0.26732673267326734,0.4399272121853382,99205.053,rules,oot,entity_deduplicated
171,500,500,24,0.048,0.35294117647058826,0.48122902696364006,68546.99900000001,rules,oot,entity_deduplicated
172,500,500,26,0.052,0.32098765432098764,0.6507236233346828,143591.397,rules,oot,entity_deduplicated
173,500,500,41,0.082,0.2887323943661972,0.5008802675172914,134822.074,rules,oot,entity_deduplicated
174,500,500,33,0.066,0.3793103448275862,0.5443434968923894,138994.629,rules,oot,entity_deduplicated
175,500,500,37,0.074,0.3425925925925926,0.4964621470002157,136759.32299999997,rules,oot,entity_deduplicated
176,500,500,43,0.086,0.296551724137931,0.4227475326451783,161143.249,rules,oot,entity_deduplicated
177,500,500,44,0.088,0.4036697247706422,0.5483256239093705,99515.938,rules,oot,entity_deduplicated
178,500,500,48,0.096,0.5454545454545454,0.6808785158002121,63844.03600000001,rules,oot,entity_deduplicated
179,500,500,24,0.048,0.36363636363636365,0.5859072171492501,72314.58300000001,rules,oot,entity_deduplicated
180,500,500,30,0.06,0.30612244897959184,0.4335642476704729,155942.55800000002,rules,oot,entity_deduplicated
181,500,500,37,0.074,0.30327868852459017,0.4542272848310665,158491.64200000002,rules,oot,entity_deduplicated
182,500,500,38,0.076,0.31932773109243695,0.4176326228736636,160928.901,rules,oot,entity_deduplicated
152,50,50,4,0.08,0.0449438202247191,0.05013996202233724,2353.6459999999997,linear,oot,transaction
153,50,50,24,0.48,0.19047619047619047,0.023810057884788592,1039.694,linear,oot,transaction
154,50,50,11,0.22,0.11702127659574468,0.026567044858643574,1944.7699999999998,linear,oot,transaction
155,50,50,13,0.26,0.1092436974789916,0.06178736732641885,6846.627,linear,oot,transaction
156,50,50,6,0.12,0.1111111111111111,0.05091860093773346,1884.0739999999998,linear,oot,transaction
157,50,50,3,0.06,0.043478260869565216,0.019652541990293062,2473.6489999999994,linear,oot,transaction
158,50,50,7,0.14,0.08641975308641975,0.014709194372040591,1857.3940000000002,linear,oot,transaction
159,50,50,6,0.12,0.06741573033707865,0.022655741963800186,3533.067,linear,oot,transaction
160,50,50,16,0.32,0.18823529411764706,0.3007081179305246,2382.0060000000003,linear,oot,transaction
161,50,50,8,0.16,0.11764705882352941,0.21784394378426553,3507.338,linear,oot,transaction
162,50,50,11,0.22,0.09649122807017543,0.06139766550356432,4279.095,linear,oot,transaction
163,50,50,22,0.44,0.16176470588235295,0.04504052176749202,2005.6689999999999,linear,oot,transaction
164,50,50,12,0.24,0.15584415584415584,0.06155901189494197,1746.6009999999999,linear,oot,transaction
165,50,50,6,0.12,0.0821917808219178,0.019610877761926014,3084.8360000000002,linear,oot,transaction
166,50,50,9,0.18,0.09574468085106383,0.02016355871766105,1697.3580000000002,linear,oot,transaction
167,50,50,7,0.14,0.058823529411764705,0.005741096617690591,2603.639,linear,oot,transaction
168,50,50,13,0.26,0.11206896551724138,0.06150350407280424,1104.5279999999998,linear,oot,transaction
169,50,50,17,0.34,0.11643835616438356,0.05810612956886794,6692.471999999999,linear,oot,transaction
170,50,50,12,0.24,0.1188118811881188,0.05782575494748487,1909.0859999999998,linear,oot,transaction
171,50,50,1,0.02,0.014705882352941176,0.005419184410433171,1665.053,linear,oot,transaction
172,50,50,4,0.08,0.04938271604938271,0.016440530774958127,2882.4129999999996,linear,oot,transaction
173,50,50,11,0.22,0.07746478873239436,0.04930631084908557,3571.507,linear,oot,transaction
174,50,50,2,0.04,0.022988505747126436,0.011731112752596893,3587.799,linear,oot,transaction
175,50,50,8,0.16,0.07407407407407407,0.015118074334311732,3557.951,linear,oot,transaction
176,50,50,5,0.1,0.034482758620689655,0.016505158581190744,2386.933,linear,oot,transaction
177,50,50,11,0.22,0.10091743119266056,0.014470542614187185,1404.431,linear,oot,transaction
178,50,50,15,0.3,0.17045454545454544,0.07152399071785778,2543.079,linear,oot,transaction
179,50,50,6,0.12,0.09090909090909091,0.006400804325728507,1838.7,linear,oot,transaction
180,50,50,11,0.22,0.11224489795918367,0.05753929041276185,2728.174,linear,oot,transaction
181,50,50,7,0.14,0.05737704918032787,0.011295527737530942,3828.0870000000004,linear,oot,transaction
182,50,50,10,0.2,0.08403361344537816,0.023726742273773804,1485.6309999999999,linear,oot,transaction
152,100,100,11,0.11,0.12359550561797752,0.07880188401409847,9505.428,linear,oot,transaction
153,100,100,40,0.4,0.31746031746031744,0.0623035414465893,4191.357,linear,oot,transaction
154,100,100,14,0.14,0.14893617021276595,0.03330242553493217,11024.458999999999,linear,oot,transaction
155,100,100,15,0.15,0.12605042016806722,0.09736335555985551,13553.307999999999,linear,oot,transaction
156,100,100,13,0.13,0.24074074074074073,0.1408754160964471,9678.019999999999,linear,oot,transaction
157,100,100,5,0.05,0.07246376811594203,0.04077978940672856,4596.352,linear,oot,transaction
158,100,100,21,0.21,0.25925925925925924,0.10769910250219483,4805.549999999999,linear,oot,transaction
159,100,100,9,0.09,0.10112359550561797,0.046818296604795334,8330.248,linear,oot,transaction
160,100,100,17,0.17,0.2,0.3059593089381856,8712.038,linear,oot,transaction
161,100,100,12,0.12,0.17647058823529413,0.2355161227020682,7832.819,linear,oot,transaction
162,100,100,19,0.19,0.16666666666666666,0.07894176627941649,12047.499,linear,oot,transaction
163,100,100,29,0.29,0.21323529411764705,0.0656896194261828,3743.991000000001,linear,oot,transaction
164,100,100,20,0.2,0.2597402597402597,0.08694260734683057,4607.076,linear,oot,transaction
165,100,100,7,0.07,0.0958904109589041,0.022245193359175006,6206.852000000001,linear,oot,transaction
166,100,100,16,0.16,0.1702127659574468,0.04057578824333651,8667.432999999999,linear,oot,transaction
167,100,100,10,0.1,0.08403361344537816,0.08154275199203002,6094.557,linear,oot,transaction
168,100,100,19,0.19,0.16379310344827586,0.0725480976126387,4085.182,linear,oot,transaction
169,100,100,27,0.27,0.18493150684931506,0.08466357202801092,9474.195000000002,linear,oot,transaction
170,100,100,18,0.18,0.1782178217821782,0.11567805451400508,8565.781,linear,oot,transaction
171,100,100,7,0.07,0.10294117647058823,0.03131344111020826,5230.6449999999995,linear,oot,transaction
172,100,100,7,0.07,0.08641975308641975,0.021421696233171385,6672.649999999999,linear,oot,transaction
173,100,100,25,0.25,0.176056338028169,0.0796120446999116,7460.162000000001,linear,oot,transaction
174,100,100,4,0.04,0.04597701149425287,0.021384614626798932,12859.095,linear,oot,transaction
175,100,100,17,0.17,0.1574074074074074,0.033726187675006056,5729.158,linear,oot,transaction
176,100,100,15,0.15,0.10344827586206896,0.036512262493783164,7134.421,linear,oot,transaction
177,100,100,20,0.2,0.1834862385321101,0.042119422208680715,4835.57,linear,oot,transaction
178,100,100,21,0.21,0.23863636363636365,0.0873419468645647,6334.577,linear,oot,transaction
179,100,100,10,0.1,0.15151515151515152,0.16366899964090165,7320.290000000001,linear,oot,transaction
180,100,100,23,0.23,0.23469387755102042,0.10506185435052248,6231.15,linear,oot,transaction
181,100,100,19,0.19,0.1557377049180328,0.03176418573318775,11366.916,linear,oot,transaction
182,100,100,20,0.2,0.16806722689075632,0.03787886084161213,7076.483,linear,oot,transaction
152,250,250,25,0.1,0.2808988764044944,0.15690065140358392,36153.905999999995,linear,oot,transaction
153,250,250,61,0.244,0.48412698412698413,0.16839524994757796,28119.214000000004,linear,oot,transaction
154,250,250,26,0.104,0.2765957446808511,0.08059338297801052,38340.288,linear,oot,transaction
155,250,250,24,0.096,0.20168067226890757,0.1966966340886077,35655.051,linear,oot,transaction
156,250,250,20,0.08,0.37037037037037035,0.22815003351788146,28506.895,linear,oot,transaction
157,250,250,19,0.076,0.2753623188405797,0.2281113110836046,17064.767,linear,oot,transaction
158,250,250,34,0.136,0.41975308641975306,0.17757353566745543,36068.683999999994,linear,oot,transaction
159,250,250,19,0.076,0.21348314606741572,0.09965093500847952,28587.661,linear,oot,transaction
160,250,250,28,0.112,0.32941176470588235,0.3972242058897168,26906.740999999998,linear,oot,transaction
161,250,250,17,0.068,0.25,0.25982832442830617,34580.541,linear,oot,transaction
162,250,250,34,0.136,0.2982456140350877,0.12769517752791096,25739.826,linear,oot,transaction
163,250,250,54,0.216,0.39705882352941174,0.2063284684374131,13995.475000000002,linear,oot,transaction
164,250,250,31,0.124,0.4025974025974026,0.21177286545019083,15253.2,linear,oot,transaction
165,250,250,14,0.056,0.1917808219178082,0.03594354657133929,21548.646,linear,oot,transaction
166,250,250,28,0.112,0.2978723404255319,0.10519589222184658,27684.293,linear,oot,transaction
167,250,250,24,0.096,0.20168067226890757,0.21501073231019796,20557.701999999997,linear,oot,transaction
168,250,250,33,0.132,0.28448275862068967,0.11904306588468161,24131.682999999997,linear,oot,transaction
169,250,250,63,0.252,0.4315068493150685,0.20689696919116435,19621.381999999998,linear,oot,transaction
170,250,250,31,0.124,0.3069306930693069,0.21347236643426754,25870.413999999997,linear,oot,transaction
171,250,250,20,0.08,0.29411764705882354,0.1994741979530804,18142.924,linear,oot,transaction
172,250,250,13,0.052,0.16049382716049382,0.05743393556197003,26243.994,linear,oot,transaction
173,250,250,54,0.216,0.38028169014084506,0.15776914005608705,26368.348,linear,oot,transaction
174,250,250,23,0.092,0.26436781609195403,0.25034252914002764,32973.332,linear,oot,transaction
175,250,250,43,0.172,0.39814814814814814,0.13356869111296882,24559.263,linear,oot,transaction
176,250,250,41,0.164,0.2827586206896552,0.1305906335714275,21886.131,linear,oot,transaction
177,250,250,35,0.14,0.3211009174311927,0.22191092153006672,21484.620000000003,linear,oot,transaction
178,250,250,34,0.136,0.38636363636363635,0.2733787715039907,17462.003,linear,oot,transaction
179,250,250,17,0.068,0.25757575757575757,0.28317856416469056,21974.508,linear,oot,transaction
180,250,250,36,0.144,0.3673469387755102,0.24648086206491612,31526.814,linear,oot,transaction
181,250,250,36,0.144,0.29508196721311475,0.1124536516790137,28300.603000000003,linear,oot,transaction
182,250,250,33,0.132,0.2773109243697479,0.06223257817085558,27884.583000000002,linear,oot,transaction
152,500,500,44,0.088,0.4943820224719101,0.34505002692446246,72026.1,linear,oot,transaction
153,500,500,73,0.146,0.5793650793650794,0.24611680661563096,68424.307,linear,oot,transaction
154,500,500,38,0.076,0.40425531914893614,0.16119183067928847,75044.686,linear,oot,transaction
155,500,500,38,0.076,0.31932773109243695,0.2387062374538068,70481.934,linear,oot,transaction
156,500,500,28,0.056,0.5185185185185185,0.34540852974939745,67243.57500000001,linear,oot,transaction
157,500,500,31,0.062,0.4492753623188406,0.334441979040397,41191.242,linear,oot,transaction
158,500,500,39,0.078,0.48148148148148145,0.22488787486499912,75972.92300000001,linear,oot,transaction
159,500,500,36,0.072,0.4044943820224719,0.17311281822479896,56129.341,linear,oot,transaction
160,500,500,40,0.08,0.47058823529411764,0.44012183485182954,57806.783,linear,oot,transaction
161,500,500,25,0.05,0.36764705882352944,0.35433184870149453,72347.44499999999,linear,oot,transaction
162,500,500,50,0.1,0.43859649122807015,0.24767664069974,59202.775,linear,oot,transaction
163,500,500,80,0.16,0.5882352941176471,0.37498445038951644,35295.733,linear,oot,transaction
164,500,500,32,0.064,0.4155844155844156,0.21788323202434665,38467.124,linear,oot,transaction
165,500,500,28,0.056,0.3835616438356164,0.2001592044815153,50712.95,linear,oot,transaction
166,500,500,41,0.082,0.43617021276595747,0.19808102888855106,66127.031,linear,oot,transaction
167,500,500,46,0.092,0.3865546218487395,0.3491260833124508,45873.613,linear,oot,transaction
168,500,500,53,0.106,0.45689655172413796,0.23859698285347825,62756.42599999999,linear,oot,transaction
169,500,500,78,0.156,0.5342465753424658,0.2828267646317885,65253.865999999995,linear,oot,transaction
170,500,500,46,0.092,0.45544554455445546,0.3311746796434873,56285.929,linear,oot,transaction
171,500,500,20,0.04,0.29411764705882354,0.1994741979530804,44714.263,linear,oot,transaction
172,500,500,29,0.058,0.35802469135802467,0.24350644914593972,59848.71,linear,oot,transaction
173,500,500,88,0.176,0.6197183098591549,0.23720357626080818,61923.29,linear,oot,transaction
174,500,500,39,0.078,0.4482758620689655,0.386177322165382,68727.296,linear,oot,transaction
175,500,500,66,0.132,0.6111111111111112,0.5643381270094857,62523.687000000005,linear,oot,transaction
176,500,500,74,0.148,0.5103448275862069,0.24782938143276792,55235.167,linear,oot,transaction
177,500,500,46,0.092,0.42201834862385323,0.26678170789131095,54083.305,linear,oot,transaction
178,500,500,49,0.098,0.5568181818181818,0.35510683221484846,41839.922999999995,linear,oot,transaction
179,500,500,29,0.058,0.4393939393939394,0.5894805269420079,41671.865000000005,linear,oot,transaction
180,500,500,61,0.122,0.6224489795918368,0.5843653954762074,64000.391,linear,oot,transaction
181,500,500,51,0.102,0.4180327868852459,0.29104634110286504,74855.473,linear,oot,transaction
182,500,500,54,0.108,0.453781512605042,0.2104104844439679,67637.94200000001,linear,oot,transaction
152,50,50,5,0.1,0.056179775280898875,0.05032685188341852,6523.313,linear,oot,entity_deduplicated
153,50,50,19,0.38,0.15079365079365079,0.03645924989205779,1547.504,linear,oot,entity_deduplicated
154,50,50,8,0.16,0.0851063829787234,0.016709924597958368,4977.9039999999995,linear,oot,entity_deduplicated
155,50,50,9,0.18,0.07563025210084033,0.05023318409472131,6561.321999999999,linear,oot,entity_deduplicated
156,50,50,7,0.14,0.12962962962962962,0.10179625155961243,6262.526999999999,linear,oot,entity_deduplicated
157,50,50,3,0.06,0.043478260869565216,0.019652541990293062,2865.5879999999997,linear,oot,entity_deduplicated
158,50,50,12,0.24,0.14814814814814814,0.05544921762089154,1874.1009999999997,linear,oot,entity_deduplicated
159,50,50,5,0.1,0.056179775280898875,0.024478621231606816,6466.259,linear,oot,entity_deduplicated
160,50,50,15,0.3,0.17647058823529413,0.2325807333102631,3039.753,linear,oot,entity_deduplicated
161,50,50,10,0.2,0.14705882352941177,0.16996951008850175,4908.713,linear,oot,entity_deduplicated
162,50,50,8,0.16,0.07017543859649122,0.05672937525169495,9400.744999999999,linear,oot,entity_deduplicated
163,50,50,16,0.32,0.11764705882352941,0.03602356760699434,2187.8610000000003,linear,oot,entity_deduplicated
164,50,50,7,0.14,0.09090909090909091,0.03469593196441154,2109.2889999999998,linear,oot,entity_deduplicated
165,50,50,5,0.1,0.0684931506849315,0.017841141526016263,3511.961,linear,oot,entity_deduplicated
166,50,50,7,0.14,0.07446808510638298,0.015647460383958974,3353.759,linear,oot,entity_deduplicated
167,50,50,7,0.14,0.058823529411764705,0.07860034607702676,3100.4829999999997,linear,oot,entity_deduplicated
168,50,50,12,0.24,0.10344827586206896,0.06789283344571366,2087.955,linear,oot,entity_deduplicated
169,50,50,14,0.28,0.0958904109589041,0.05055216143020011,6643.523999999999,linear,oot,entity_deduplicated
170,50,50,10,0.2,0.09900990099009901,0.08135462746787794,4352.037,linear,oot,entity_deduplicated
171,50,50,4,0.08,0.058823529411764705,0.018460960629612125,3140.468,linear,oot,entity_deduplicated
172,50,50,5,0.1,0.06172839506172839,0.0184996641388251,4015.2870000000003,linear,oot,entity_deduplicated
173,50,50,12,0.24,0.08450704225352113,0.050855752315779455,4845.121,linear,oot,entity_deduplicated
174,50,50,2,0.04,0.022988505747126436,0.018165431132597522,10033.371,linear,oot,entity_deduplicated
175,50,50,11,0.22,0.10185185185185185,0.027965885617343145,3205.0309999999995,linear,oot,entity_deduplicated
176,50,50,8,0.16,0.05517241379310345,0.026118543472325614,5073.277,linear,oot,entity_deduplicated
177,50,50,9,0.18,0.08256880733944955,0.026814392155776526,3311.0919999999996,linear,oot,entity_deduplicated
178,50,50,11,0.22,0.125,0.07697818083143082,3894.835,linear,oot,entity_deduplicated
179,50,50,6,0.12,0.09090909090909091,0.15809283149581704,5403.2429999999995,linear,oot,entity_deduplicated
180,50,50,13,0.26,0.1326530612244898,0.062344706941706726,2299.7759999999994,linear,oot,entity_deduplicated
181,50,50,7,0.14,0.05737704918032787,0.007745336407848225,7550.321,linear,oot,entity_deduplicated
182,50,50,12,0.24,0.10084033613445378,0.027393008553500714,1710.796,linear,oot,entity_deduplicated
152,100,100,10,0.1,0.11235955056179775,0.085660947289255,13783.73,linear,oot,entity_deduplicated
153,100,100,25,0.25,0.1984126984126984,0.09911797204457679,12816.142,linear,oot,entity_deduplicated
154,100,100,12,0.12,0.1276595744680851,0.0378497678408773,15705.528,linear,oot,entity_deduplicated
155,100,100,14,0.14,0.11764705882352941,0.1467707612415671,19457.653000000002,linear,oot,entity_deduplicated
156,100,100,10,0.1,0.18518518518518517,0.1370675162338752,12431.451000000001,linear,oot,entity_deduplicated
157,100,100,9,0.09,0.13043478260869565,0.13884790238886646,8252.335,linear,oot,entity_deduplicated
158,100,100,19,0.19,0.2345679012345679,0.10048612482829955,16938.86,linear,oot,entity_deduplicated
159,100,100,7,0.07,0.07865168539325842,0.0326506671485993,13553.389,linear,oot,entity_deduplicated
160,100,100,17,0.17,0.2,0.26557643714141727,14388.464,linear,oot,entity_deduplicated
161,100,100,13,0.13,0.19117647058823528,0.18300792831245855,16403.596000000005,linear,oot,entity_deduplicated
162,100,100,10,0.1,0.08771929824561403,0.060212703878299405,13464.420999999998,linear,oot,entity_deduplicated
163,100,100,24,0.24,0.17647058823529413,0.14017544742376054,5998.045,linear,oot,entity_deduplicated
164,100,100,11,0.11,0.14285714285714285,0.054455553324168494,6816.52,linear,oot,entity_deduplicated
165,100,100,9,0.09,0.1232876712328767,0.02523965269750372,11969.644,linear,oot,entity_deduplicated
166,100,100,13,0.13,0.13829787234042554,0.04810685053188516,13153.057000000003,linear,oot,entity_deduplicated
167,100,100,15,0.15,0.12605042016806722,0.12053599521794939,9306.96,linear,oot,entity_deduplicated
168,100,100,15,0.15,0.12931034482758622,0.07618897226696048,8059.433,linear,oot,entity_deduplicated
169,100,100,20,0.2,0.136986301369863,0.06295583069178852,11904.048,linear,oot,entity_deduplicated
170,100,100,15,0.15,0.1485148514851485,0.16679388535440776,11763.199999999999,linear,oot,entity_deduplicated
171,100,100,10,0.1,0.14705882352941177,0.1408849163179053,7214.592,linear,oot,entity_deduplicated
172,100,100,8,0.08,0.09876543209876543,0.034907499286942936,12339.607999999998,linear,oot,entity_deduplicated
173,100,100,25,0.25,0.176056338028169,0.10156215203333058,10160.449,linear,oot,entity_deduplicated
174,100,100,6,0.06,0.06896551724137931,0.08823469674944653,17036.022,linear,oot,entity_deduplicated
175,100,100,20,0.2,0.18518518518518517,0.06941329552512389,8280.922,linear,oot,entity_deduplicated
176,100,100,15,0.15,0.10344827586206896,0.06937893403168693,13040.475,linear,oot,entity_deduplicated
177,100,100,16,0.16,0.14678899082568808,0.109271528681827,11388.991999999998,linear,oot,entity_deduplicated
178,100,100,16,0.16,0.18181818181818182,0.22062838110420682,9287.703,linear,oot,entity_deduplicated
179,100,100,6,0.06,0.09090909090909091,0.15809283149581704,11291.470000000001,linear,oot,entity_deduplicated
180,100,100,19,0.19,0.19387755102040816,0.15710054744373395,9159.081999999999,linear,oot,entity_deduplicated
181,100,100,13,0.13,0.10655737704918032,0.02478370033994428,14669.077,linear,oot,entity_deduplicated
182,100,100,17,0.17,0.14285714285714285,0.03350275576457248,10698.157000000001,linear,oot,entity_deduplicated
152,250,250,23,0.092,0.25842696629213485,0.19272961473168573,41307.333999999995,linear,oot,entity_deduplicated
153,250,250,32,0.128,0.25396825396825395,0.16734482717595892,42790.812,linear,oot,entity_deduplicated
154,250,250,20,0.08,0.2127659574468085,0.09569046593116495,46545.076,linear,oot,entity_deduplicated
155,250,250,23,0.092,0.19327731092436976,0.19576716966192498,41300.81,linear,oot,entity_deduplicated
156,250,250,11,0.044,0.2037037037037037,0.14707905329007495,37736.939,linear,oot,entity_deduplicated
157,250,250,18,0.072,0.2608695652173913,0.23567579659765256,23342.795,linear,oot,entity_deduplicated
158,250,250,22,0.088,0.2716049382716049,0.11090604464840471,46418.846000000005,linear,oot,entity_deduplicated
159,250,250,14,0.056,0.15730337078651685,0.07143952095035395,34844.963,linear,oot,entity_deduplicated
160,250,250,27,0.108,0.3176470588235294,0.33479143900963576,36535.828,linear,oot,entity_deduplicated
161,250,250,19,0.076,0.27941176470588236,0.2552264547234062,42716.97899999999,linear,oot,entity_deduplicated
162,250,250,21,0.084,0.18421052631578946,0.1510553036739974,36281.563,linear,oot,entity_deduplicated
163,250,250,32,0.128,0.23529411764705882,0.23698905300285011,26047.427000000003,linear,oot,entity_deduplicated
164,250,250,16,0.064,0.2077922077922078,0.1754971830338258,24197.403,linear,oot,entity_deduplicated
165,250,250,13,0.052,0.1780821917808219,0.05620593512783601,34169.227,linear,oot,entity_deduplicated
166,250,250,16,0.064,0.1702127659574468,0.06551535765132266,35432.718,linear,oot,entity_deduplicated
167,250,250,24,0.096,0.20168067226890757,0.26231336870391864,27896.773999999998,linear,oot,entity_deduplicated
168,250,250,26,0.104,0.22413793103448276,0.15725893520283446,39164.011,linear,oot,entity_deduplicated
169,250,250,31,0.124,0.21232876712328766,0.1543763352616224,48152.255999999994,linear,oot,entity_deduplicated
170,250,250,23,0.092,0.22772277227722773,0.20096460367649147,35164.115000000005,linear,oot,entity_deduplicated
171,250,250,15,0.06,0.22058823529411764,0.28285271928829797,22907.198000000004,linear,oot,entity_deduplicated
172,250,250,14,0.056,0.1728395061728395,0.11430534685142443,42770.63,linear,oot,entity_deduplicated
173,250,250,42,0.168,0.29577464788732394,0.1516541236018434,35563.763999999996,linear,oot,entity_deduplicated
174,250,250,14,0.056,0.16091954022988506,0.2190465837606133,41269.231,linear,oot,entity_deduplicated
175,250,250,35,0.14,0.32407407407407407,0.2395400195474535,35714.899000000005,linear,oot,entity_deduplicated
176,250,250,25,0.1,0.1724137931034483,0.12698241493979728,34108.271,linear,oot,entity_deduplicated
177,250,250,26,0.104,0.23853211009174313,0.21744072514749466,30929.586,linear,oot,entity_deduplicated
178,250,250,28,0.112,0.3181818181818182,0.2768065329368647,23666.004,linear,oot,entity_deduplicated
179,250,250,10,0.04,0.15151515151515152,0.2485426511823052,25082.782,linear,oot,entity_deduplicated
180,250,250,25,0.1,0.25510204081632654,0.21107049630956512,38265.068,linear,oot,entity_deduplicated
181,250,250,19,0.076,0.1557377049180328,0.1036922016812331,44740.465000000004,linear,oot,entity_deduplicated
182,250,250,27,0.108,0.226890756302521,0.06500596946034985,38389.028999999995,linear,oot,entity_deduplicated
152,500,500,30,0.06,0.33707865168539325,0.2346355791470347,80542.51000000001,linear,oot,entity_deduplicated
153,500,500,39,0.078,0.30952380952380953,0.2027048882085458,80442.10699999999,linear,oot,entity_deduplicated
154,500,500,24,0.048,0.2553191489361702,0.13823414137746445,85154.281,linear,oot,entity_deduplicated
155,500,500,34,0.068,0.2857142857142857,0.24070097829145035,74965.973,linear,oot,entity_deduplicated
156,500,500,20,0.04,0.37037037037037035,0.27107123916423,70539.241,linear,oot,entity_deduplicated
157,500,500,25,0.05,0.36231884057971014,0.34752188710545767,46648.405,linear,oot,entity_deduplicated
158,500,500,29,0.058,0.35802469135802467,0.3248043510587062,81948.573,linear,oot,entity_deduplicated
159,500,500,25,0.05,0.2808988764044944,0.145671803874932,65051.695,linear,oot,entity_deduplicated
160,500,500,35,0.07,0.4117647058823529,0.39379449126486765,67179.949,linear,oot,entity_deduplicated
161,500,500,28,0.056,0.4117647058823529,0.34022061760939615,75017.64899999999,linear,oot,entity_deduplicated
162,500,500,30,0.06,0.2631578947368421,0.2453751304006324,75537.22899999999,linear,oot,entity_deduplicated
163,500,500,38,0.076,0.27941176470588236,0.26180997822876106,51179.765,linear,oot,entity_deduplicated
164,500,500,23,0.046,0.2987012987012987,0.313225530977646,51428.287,linear,oot,entity_deduplicated
165,500,500,19,0.038,0.2602739726027397,0.136791265023751,69737.688,linear,oot,entity_deduplicated
166,500,500,20,0.04,0.2127659574468085,0.13089697963816369,75751.48799999998,linear,oot,entity_deduplicated
167,500,500,33,0.066,0.2773109243697479,0.3505369663639381,65307.126000000004,linear,oot,entity_deduplicated
168,500,500,33,0.066,0.28448275862068967,0.26258007875316186,72141.122,linear,oot,entity_deduplicated
169,500,500,40,0.08,0.273972602739726,0.20564709734021808,84528.67499999999,linear,oot,entity_deduplicated
170,500,500,32,0.064,0.31683168316831684,0.29494173764780107,63349.081000000006,linear,oot,entity_deduplicated
171,500,500,23,0.046,0.3382352941176471,0.36548968644548724,48662.963,linear,oot,entity_deduplicated
172,500,500,25,0.05,0.30864197530864196,0.22032679146117823,75165.769,linear,oot,entity_deduplicated
173,500,500,48,0.096,0.3380281690140845,0.23031120155036802,70556.585,linear,oot,entity_deduplicated
174,500,500,21,0.042,0.2413793103448276,0.27371359347936525,72810.376,linear,oot,entity_deduplicated
175,500,500,44,0.088,0.4074074074074074,0.36647660923049424,74809.60399999999,linear,oot,entity_deduplicated
176,500,500,38,0.076,0.2620689655172414,0.22816777899538573,72486.569,linear,oot,entity_deduplicated
177,500,500,34,0.068,0.3119266055045872,0.24808977093316342,63824.75,linear,oot,entity_deduplicated
178,500,500,44,0.088,0.5,0.4411255199468592,47246.18000000001,linear,oot,entity_deduplicated
179,500,500,20,0.04,0.30303030303030304,0.4668743288216738,52330.511,linear,oot,entity_deduplicated
180,500,500,39,0.078,0.3979591836734694,0.3466696403753773,68699.849,linear,oot,entity_deduplicated
181,500,500,34,0.068,0.2786885245901639,0.24699821723648674,79610.711,linear,oot,entity_deduplicated
182,500,500,38,0.076,0.31932773109243695,0.20789672379297874,79767.82299999999,linear,oot,entity_deduplicated
