model,partition,queue_type,capacity,days,mean_alerts,mean_precision_at_k,median_precision_at_k,mean_recall_at_k,mean_exposure_captured_at_k,total_legitimate_exposure_interrupted
gbm_plus_behaviour,oot,entity_deduplicated,50,31,50.0,0.5296774193548388,0.52,0.2713139975370832,0.20369880745201602,120240.554
gbm_plus_behaviour,oot,entity_deduplicated,100,31,100.0,0.3461290322580645,0.34,0.3553409831069989,0.3305063017245285,364832.476
gbm_plus_behaviour,oot,entity_deduplicated,250,31,250.0,0.17716129032258066,0.172,0.4516439591841754,0.4631521603349957,1116514.689
gbm_plus_behaviour,oot,entity_deduplicated,500,31,500.0,0.10335483870967742,0.102,0.5285641349328732,0.5650291832302237,2498958.318
gbm_plus_behaviour,oot,transaction,50,31,50.0,0.6580645161290322,0.64,0.3323491338074681,0.20324977041380754,77307.364
gbm_plus_behaviour,oot,transaction,100,31,100.0,0.4509677419354839,0.44,0.45343538866190364,0.3271956999640283,284301.32800000004
gbm_plus_behaviour,oot,transaction,250,31,250.0,0.248,0.244,0.6231619729502569,0.5734563590521329,1009416.733
gbm_plus_behaviour,oot,transaction,500,31,500.0,0.1487741935483871,0.154,0.743397825330574,0.7163931933474812,2219092.973
gbm_plus_behaviour,policy,entity_deduplicated,50,23,50.0,0.47043478260869565,0.44,0.28145269863536143,0.25597161185348005,93387.138
gbm_plus_behaviour,policy,entity_deduplicated,100,23,100.0,0.3104347826086956,0.29,0.36536100166735014,0.3769031599570823,272470.439
gbm_plus_behaviour,policy,entity_deduplicated,250,23,250.0,0.1622608695652174,0.16,0.4738008400739433,0.5105440763067131,818539.352
gbm_plus_behaviour,policy,entity_deduplicated,500,23,500.0,0.09643478260869565,0.094,0.5634332498023767,0.596606462245634,1831880.385
gbm_plus_behaviour,policy,transaction,50,23,50.0,0.5452173913043479,0.5,0.32104819924272626,0.24943154908059267,68248.12
gbm_plus_behaviour,policy,transaction,100,23,100.0,0.3704347826086956,0.34,0.43257686913270965,0.41116740467685514,220515.297
gbm_plus_behaviour,policy,transaction,250,23,250.0,0.21756521739130433,0.224,0.6269129469626915,0.6557150974947367,730056.972
gbm_plus_behaviour,policy,transaction,500,23,500.0,0.13234782608695653,0.136,0.7606015545131797,0.7842128207701735,1657432.183
gbm_plus_identity,oot,entity_deduplicated,50,31,50.0,0.5406451612903226,0.5,0.27714754507371,0.21279612660936517,114434.886
gbm_plus_identity,oot,entity_deduplicated,100,31,100.0,0.3470967741935484,0.34,0.3567011697480654,0.33132154845242245,367421.466
gbm_plus_identity,oot,entity_deduplicated,250,31,250.0,0.1774193548387097,0.172,0.4538077457331513,0.4640167485589827,1123579.578
gbm_plus_identity,oot,entity_deduplicated,500,31,500.0,0.10296774193548387,0.1,0.5275859871657151,0.5683595453726826,2464732.7879999997
gbm_plus_identity,oot,transaction,50,31,50.0,0.647741935483871,0.64,0.32710586584863677,0.19907427711802986,74273.826
gbm_plus_identity,oot,transaction,100,31,100.0,0.44999999999999996,0.44,0.45126571545013866,0.33027845997283534,265788.675
gbm_plus_identity,oot,transaction,250,31,250.0,0.25006451612903224,0.236,0.6289984225947949,0.5838333009486508,1004718.483
gbm_plus_identity,oot,transaction,500,31,500.0,0.1495483870967742,0.15,0.7514538646575742,0.7233188021027614,2203034.596
gbm_plus_identity,policy,entity_deduplicated,50,23,50.0,0.48,0.46,0.2848774261223921,0.26123808069249393,96453.191
gbm_plus_identity,policy,entity_deduplicated,100,23,100.0,0.3139130434782609,0.31,0.3700071266952269,0.3731535503934929,268419.142
gbm_plus_identity,policy,entity_deduplicated,250,23,250.0,0.16504347826086957,0.16,0.48035079332074987,0.5189143076060139,818183.794
gbm_plus_identity,policy,entity_deduplicated,500,23,500.0,0.09704347826086958,0.096,0.5648790937754912,0.6017351337940948,1772995.549
gbm_plus_identity,policy,transaction,50,23,50.0,0.5452173913043479,0.54,0.32207025808603673,0.2654956601000365,69363.878
gbm_plus_identity,policy,transaction,100,23,100.0,0.3786956521739131,0.36,0.4392998189847795,0.41979366952385333,227842.861
gbm_plus_identity,policy,transaction,250,23,250.0,0.22034782608695655,0.224,0.6341410523385914,0.6595271631651649,725680.378
gbm_plus_identity,policy,transaction,500,23,500.0,0.13417391304347825,0.138,0.7652609824306392,0.7955881673313954,1636550.148
gbm_transaction,oot,entity_deduplicated,50,31,50.0,0.5309677419354839,0.52,0.27149602289093855,0.19189061925016235,111591.467
gbm_transaction,oot,entity_deduplicated,100,31,100.0,0.34838709677419355,0.34,0.35804712214255374,0.3243731192908206,356307.918
gbm_transaction,oot,entity_deduplicated,250,31,250.0,0.17754838709677417,0.172,0.45314787536596823,0.45859814771558816,1120857.496
gbm_transaction,oot,entity_deduplicated,500,31,500.0,0.10303225806451613,0.1,0.5265626224314518,0.5617922665965073,2496573.391
gbm_transaction,oot,transaction,50,31,50.0,0.6593548387096775,0.64,0.333104334964104,0.20185805560246461,67189.491
gbm_transaction,oot,transaction,100,31,100.0,0.45161290322580644,0.43,0.4543750470488196,0.3232590054275871,261512.34399999998
gbm_transaction,oot,transaction,250,31,250.0,0.24580645161290324,0.24,0.6161314299793988,0.5600072462044098,988132.0
gbm_transaction,oot,transaction,500,31,500.0,0.149741935483871,0.15,0.750909862845151,0.7154972829440274,2166921.684
gbm_transaction,policy,entity_deduplicated,50,23,50.0,0.4782608695652174,0.46,0.2837399081251164,0.2453775692983001,88174.538
gbm_transaction,policy,entity_deduplicated,100,23,100.0,0.31086956521739134,0.3,0.3649573525563756,0.3690009711279313,263138.803
gbm_transaction,policy,entity_deduplicated,250,23,250.0,0.16504347826086957,0.16,0.4809186696198638,0.5184335385513651,807750.676
gbm_transaction,policy,entity_deduplicated,500,23,500.0,0.09686956521739132,0.096,0.567190181948486,0.6022360036727639,1793006.348
gbm_transaction,policy,transaction,50,23,50.0,0.551304347826087,0.54,0.32705231692798326,0.23250965152166153,60349.816
gbm_transaction,policy,transaction,100,23,100.0,0.3730434782608696,0.34,0.43256171692180423,0.3920664232428144,213200.385
gbm_transaction,policy,transaction,250,23,250.0,0.21617391304347827,0.212,0.6216747571713526,0.635127347693725,707536.996
gbm_transaction,policy,transaction,500,23,500.0,0.1348695652173913,0.14,0.7701450277063254,0.7891749914429861,1606423.042
