cohort,transactions,fraud_cases,total_exposure,fraud_exposure,fraud_rate,column
W,439670,8969,67339221.372,2054325.46,0.020399390451929858,ProductCD
C,68519,8008,2937570.763,391421.4,0.11687269224594637,ProductCD
R,37699,1426,6344975.0,348050.0,0.03782593702750736,ProductCD
H,33024,1574,2416368.0,246632.0,0.04766230620155039,ProductCD
S,11628,686,700813.6,43416.0,0.058995528035775714,ProductCD
visa,384767,13373,51236268.458,1997705.8510000003,0.03475609914571676,card4
mastercard,189217,6496,25050009.367,855739.176,0.03433095334985757,card4
american express,8328,239,1441219.834,42798.184,0.028698366954851104,card4
discover,6651,514,1767506.08,182000.44,0.0772816117877011,card4
<MISSING>,1577,41,243944.99599999998,5601.209000000001,0.02599873176918199,card4
debit,439938,10674,51179200.521,1422042.2799999998,0.024262509717278342,card6
credit,148986,9950,28312458.989,1656751.3709999998,0.06678479857167788,card6
<MISSING>,1571,39,243274.33299999998,5051.209,0.024824952259707194,card6
debit or credit,30,0,3121.9700000000003,0.0,0.0,card6
charge card,15,0,892.922,0.0,0.0,card6
gmail.com,228355,9943,29373348.158,1395815.134,0.043541853692715286,P_emaildomain
yahoo.com,100934,2297,14554794.66,478027.54000000004,0.02275744545940912,P_emaildomain
<MISSING>,94456,2790,11249043.556,428178.777,0.02953756246294571,P_emaildomain
hotmail.com,45250,2396,4521879.956,164568.193,0.052950276243093924,P_emaildomain
anonymous.com,36998,859,6270821.418,121974.293,0.02321747121466025,P_emaildomain
aol.com,28289,617,5003777.592,137614.905,0.021810597758846195,P_emaildomain
comcast.net,7888,246,1568486.795,125629.45000000001,0.03118661257606491,P_emaildomain
icloud.com,6267,197,885083.084,22313.735999999997,0.03143449816499123,P_emaildomain
outlook.com,5096,482,575540.621,40762.288,0.0945839874411303,P_emaildomain
msn.com,4092,90,725061.23,9808.842,0.021994134897360705,P_emaildomain
att.net,4033,30,673894.218,12051.550000000003,0.007438631291842301,P_emaildomain
live.com,3041,84,440779.646,9331.322,0.027622492601118053,P_emaildomain
sbcglobal.net,2970,12,518900.195,4669.99,0.00404040404040404,P_emaildomain
verizon.net,2705,22,503797.35,6574.0,0.008133086876155268,P_emaildomain
ymail.com,2396,50,346459.127,8516.26,0.020868113522537562,P_emaildomain
bellsouth.net,1909,53,334010.247,12748.9,0.02776322682032478,P_emaildomain
yahoo.com.mx,1543,16,82283.626,1174.7089999999998,0.010369410239792612,P_emaildomain
me.com,1522,27,321325.287,4888.55,0.017739816031537452,P_emaildomain
cox.net,1393,29,267471.27,13770.97,0.0208183776022972,P_emaildomain
optonline.net,1011,17,168243.76,2145.84,0.016815034619188922,P_emaildomain
charter.net,816,25,155042.32,14248.0,0.030637254901960783,P_emaildomain
live.com.mx,749,41,33605.679,2751.866,0.05473965287049399,P_emaildomain
rocketmail.com,664,2,106090.74,229.95,0.0030120481927710845,P_emaildomain
mail.com,559,106,88104.047,32979.811,0.18962432915921287,P_emaildomain
earthlink.net,514,11,101294.611,6720.0,0.021400778210116732,P_emaildomain
<MISSING>,453249,9436,68270632.098,2100216.107,0.02081857875031164,R_emaildomain
gmail.com,57147,6811,4188884.588,641828.774,0.11918385917021015,R_emaildomain
hotmail.com,27509,2140,1386753.256,107235.113,0.07779272238176596,R_emaildomain
anonymous.com,20529,598,2796489.808,44300.073000000004,0.02912952408787569,R_emaildomain
yahoo.com,11842,610,1196595.818,87374.47,0.05151156899172437,R_emaildomain
aol.com,3701,129,495394.572,19566.735,0.03485544447446636,R_emaildomain
outlook.com,2507,414,137096.141,27401.138000000003,0.1651376146788991,R_emaildomain
comcast.net,1812,21,223552.765,2180.0,0.011589403973509934,R_emaildomain
yahoo.com.mx,1508,16,78580.406,1174.7089999999998,0.010610079575596816,R_emaildomain
icloud.com,1398,180,108120.894,23123.216,0.12875536480686695,R_emaildomain
msn.com,852,1,94057.36,142.952,0.0011737089201877935,R_emaildomain
live.com,762,38,49789.516,1024.332,0.049868766404199474,R_emaildomain
live.com.mx,754,44,35347.779,3501.866000000001,0.058355437665782495,R_emaildomain
verizon.net,620,0,75082.5,0.0,0.0,R_emaildomain
me.com,556,11,70197.557,975.0,0.019784172661870502,R_emaildomain
sbcglobal.net,552,1,68018.315,450.0,0.0018115942028985507,R_emaildomain
cox.net,459,11,74294.0,2250.0,0.023965141612200435,R_emaildomain
outlook.es,433,57,17536.998,2745.348,0.13163972286374134,R_emaildomain
att.net,430,0,51493.188,0.0,0.0,R_emaildomain
bellsouth.net,422,2,55781.077,400.0,0.004739336492890996,R_emaildomain
hotmail.fr,293,0,11884.432,0.0,0.0,R_emaildomain
hotmail.es,292,20,11939.385,876.8949999999998,0.0684931506849315,R_emaildomain
web.de,237,0,9551.949,0.0,0.0,R_emaildomain
mac.com,218,2,28524.05,50.0,0.009174311926605505,R_emaildomain
prodigy.net.mx,207,1,10000.43,84.185,0.004830917874396135,R_emaildomain
<MISSING>,449730,9452,67985072.759,2087538.4579999999,0.021017054677250794,DeviceType
desktop,85165,5554,7886291.448,449878.93700000003,0.06521458345564493,DeviceType
mobile,55645,5657,3867584.528,546427.465,0.10166232365890916,DeviceType
<MISSING>,471874,12056,69001646.811,2233873.352,0.025549193216833306,DeviceInfo
Windows,47722,3121,4390751.805,261684.457,0.06539960605171619,DeviceInfo
iOS Device,19782,1240,2179529.6,269517.0,0.06268324739662319,DeviceInfo
MacOS,12573,278,1412956.15,42741.0,0.022110872504573293,DeviceInfo
Trident/7.0,7440,96,896471.232,8840.099999999999,0.012903225806451613,DeviceInfo
rv:11.0,1901,76,317793.138,19804.628,0.039978958442924775,DeviceInfo
rv:57.0,962,103,95686.127,9169.819,0.10706860706860707,DeviceInfo
SM-J700M Build/MMB29K,549,60,20293.21,2991.8909999999996,0.1092896174863388,DeviceInfo
SM-G610M Build/MMB29K,461,37,16771.428,2117.961,0.08026030368763558,DeviceInfo
SM-G531H Build/LMY48B,410,33,12145.975,1141.309,0.08048780487804878,DeviceInfo
rv:59.0,362,44,30408.082,3677.236,0.12154696132596685,DeviceInfo
SM-G935F Build/NRD90M,334,31,13607.955,1647.9859999999996,0.09281437125748503,DeviceInfo
SM-G955U Build/NRD90M,328,33,31309.12,1904.5279999999996,0.10060975609756098,DeviceInfo
SM-G532M Build/MMB29T,316,12,11581.68,877.0450000000001,0.0379746835443038,DeviceInfo
ALE-L23 Build/HuaweiALE-L23,312,29,11182.593,1802.4229999999995,0.09294871794871795,DeviceInfo
SM-G950U Build/NRD90M,290,16,30574.079,6800.0,0.05517241379310345,DeviceInfo
SM-G930V Build/NRD90M,274,0,25454.446,0.0,0.0,DeviceInfo
rv:58.0,269,49,20993.717,5471.655,0.1821561338289963,DeviceInfo
rv:52.0,256,12,26174.041,2175.0,0.046875,DeviceInfo
SAMSUNG,235,5,14345.933,623.87,0.02127659574468085,DeviceInfo
SM-G950F Build/NRD90M,225,34,10225.707,2997.7580000000007,0.1511111111111111,DeviceInfo
Moto G (4) Build/NPJ25.93-14.7,219,40,5634.97,1278.134,0.182648401826484,DeviceInfo
SM-N950U Build/NMF26X,209,13,21520.398,978.0,0.06220095693779904,DeviceInfo
SM-A300H Build/LRX22G,203,169,7261.78,6119.728999999999,0.8325123152709359,DeviceInfo
hi6210sft Build/MRA58K,190,180,4100.234,3670.443,0.9473684210526315,DeviceInfo
<MISSING>,450258,9492,68030576.081,2088340.737,0.021081246751862265,id_31
chrome 63.0,22000,1503,1948747.071,102077.499,0.06831818181818182,id_31
mobile safari 11.0,13423,842,1232885.512,135934.547,0.0627281531699322,id_31
mobile safari generic,11474,1146,938658.324,151593.967,0.09987798500958689,id_31
ie 11.0 for desktop,9030,175,1184163.61,28934.728,0.01937984496124031,id_31
safari generic,8195,205,890586.057,29862.923000000003,0.025015253203172667,id_31
chrome 62.0,7182,299,622468.788,24775.131999999998,0.0416318574213311,id_31
chrome 65.0,6871,679,493118.412,43425.948000000004,0.09882113229515355,id_31
chrome 64.0,6711,615,459454.784,43301.171,0.09164059007599464,id_31
chrome 63.0 for android,5806,653,312801.785,32342.102,0.11246985876679297,id_31
chrome generic,4778,803,271065.175,56523.647,0.1680619506069485,id_31
chrome 66.0,4264,398,314809.933,27274.913,0.09333958724202626,id_31
edge 16.0,4188,115,444104.326,16107.322999999999,0.027459407831900668,id_31
chrome 64.0 for android,3473,552,134911.349,23604.996,0.15894039735099338,id_31
chrome 65.0 for android,3336,491,147773.297,25256.207000000002,0.1471822541966427,id_31
firefox 57.0,3315,184,337772.301,21431.990999999998,0.055505279034690796,id_31
mobile safari 10.0,2779,128,268675.217,20818.602,0.046059733717164444,id_31
chrome 66.0 for android,2349,305,101784.08899999999,16647.861,0.12984248616432525,id_31
chrome 62.0 for android,2097,161,110734.341,10483.476999999999,0.07677634716261325,id_31
edge 15.0,1600,61,176463.164,3600.2419999999997,0.038125,id_31
chrome generic for android,1158,127,53982.648,7655.157000000001,0.10967184801381692,id_31
firefox 59.0,1099,86,94701.415,9218.212999999994,0.07825295723384895,id_31
samsung browser 6.2,1061,75,73172.39,10477.118,0.0706880301602262,id_31
firefox 58.0,833,77,63681.259,7709.416,0.09243697478991597,id_31
chrome 49.0,719,40,54289.326,1372.601,0.055632823365785816,id_31
