delay_days,snapshot_day,week_rows,week_fraud_rate,fixed_brier,rolling_brier,fixed_ece,rolling_ece,average_precision
7,152,21273,0.029709020824519344,0.020301700281936386,0.020274977605186647,0.005324127437215845,0.005019042727950551,0.4812604198034457
7,154,20740,0.02849566055930569,0.02068084748117821,0.020626188895204633,0.006028916939830488,0.006114259738366063,0.43936058633854985
7,161,20944,0.032515278838808254,0.024343034311194015,0.02416201734378567,0.007509911672031001,0.0071502081362803446,0.38986079871603646
7,168,20206,0.03667227556171434,0.024558973574536565,0.02445845659432614,0.0034299310161247125,0.003393324854424742,0.4962764102597097
7,175,17681,0.04162660483004355,0.028639816424796162,0.02843331126463489,0.007585447023215861,0.006118966919666696,0.4630016590028908
7,182,2754,0.043209876543209874,0.027597959684602828,0.027727836618231284,0.0038917156320573214,0.0047341828696322915,0.5406597325976706
14,152,21273,0.029709020824519344,0.020301700281936386,0.02027074033975776,0.005324127437215845,0.004662013257740368,0.4812604198034457
14,154,20740,0.02849566055930569,0.02068084748117821,0.020629494970243127,0.006028916939830488,0.005704675190777852,0.43936058633854985
14,161,20944,0.032515278838808254,0.024343034311194015,0.024192861571624043,0.007509911672031001,0.007474068667697912,0.38986079871603646
14,168,20206,0.03667227556171434,0.024558973574536565,0.024473778579236743,0.0034299310161247125,0.0035682395081841414,0.4962764102597097
14,175,17681,0.04162660483004355,0.028639816424796162,0.028434500584711697,0.007585447023215861,0.005617797335787135,0.4630016590028908
14,182,2754,0.043209876543209874,0.027597959684602828,0.027726293333586227,0.0038917156320573214,0.004704091082956186,0.5406597325976706
30,152,21273,0.029709020824519344,0.020301700281936386,0.020259257251951667,0.005324127437215845,0.004750870525937127,0.4812604198034457
30,154,20740,0.02849566055930569,0.02068084748117821,0.020612294026071933,0.006028916939830488,0.005096014419821906,0.43936058633854985
30,161,20944,0.032515278838808254,0.024343034311194015,0.024162111885583603,0.007509911672031001,0.006347353176380658,0.38986079871603646
30,168,20206,0.03667227556171434,0.024558973574536565,0.024481625334759286,0.0034299310161247125,0.0037103550875439138,0.4962764102597097
30,175,17681,0.04162660483004355,0.028639816424796162,0.028458132130596753,0.007585447023215861,0.005446577631580348,0.4630016590028908
30,182,2754,0.043209876543209874,0.027597959684602828,0.02765667188906019,0.0038917156320573214,0.005718633128012992,0.5406597325976706
