table,feature,family,dtype,missing_rate,unique_values
identity,TransactionID,core,int64,0.0,144233
identity,DeviceInfo,device,str,0.17726179168428863,1786
identity,DeviceType,device,str,0.023732432938370553,2
identity,id_01,identity,float64,0.0,77
identity,id_02,identity,float64,0.0233025729202055,115655
identity,id_03,identity,float64,0.5401607121809849,24
identity,id_04,identity,float64,0.5401607121809849,15
identity,id_05,identity,float64,0.05108400990064687,93
identity,id_06,identity,float64,0.05108400990064687,101
identity,id_07,identity,float64,0.9642592194574058,84
identity,id_08,identity,float64,0.9642592194574058,94
identity,id_09,identity,float64,0.4805211012736336,46
identity,id_10,identity,float64,0.4805211012736336,62
identity,id_11,identity,float64,0.02256765095366525,365
identity,id_12,identity,str,0.0,2
identity,id_13,identity,float64,0.11726165301976663,54
identity,id_14,identity,float64,0.4450368500967185,25
identity,id_15,identity,str,0.022519118370969194,3
identity,id_16,identity,str,0.10325653629890524,2
identity,id_17,identity,float64,0.033723211747658306,104
identity,id_18,identity,float64,0.6872213709761289,18
identity,id_19,identity,float64,0.034076806278729554,522
identity,id_20,identity,float64,0.034472000166397426,394
identity,id_21,identity,float64,0.9642314865530079,490
identity,id_22,identity,float64,0.9641621542920136,25
identity,id_23,identity,str,0.9641621542920136,3
identity,id_24,identity,float64,0.9670879757059757,12
identity,id_25,identity,float64,0.9644186836576928,341
identity,id_26,identity,float64,0.9642037536486102,95
identity,id_27,identity,str,0.9641621542920136,2
identity,id_28,identity,str,0.02256765095366525,2
identity,id_29,identity,str,0.02256765095366525,2
identity,id_30,identity,str,0.46222431759722116,75
identity,id_31,identity,str,0.027393176318872933,130
identity,id_32,identity,float64,0.462078719849133,4
identity,id_33,identity,str,0.4918707923984109,260
identity,id_34,identity,str,0.46056034333335644,4
identity,id_35,identity,str,0.022519118370969194,2
identity,id_36,identity,str,0.022519118370969194,2
identity,id_37,identity,str,0.022519118370969194,2
identity,id_38,identity,str,0.022519118370969194,2
transaction,addr1,address_distance,float64,0.1112642666034477,332
transaction,addr2,address_distance,float64,0.1112642666034477,74
transaction,dist1,address_distance,float64,0.596523520845328,2651
transaction,dist2,address_distance,float64,0.9362837403054831,1751
transaction,card1,card,int64,0.0,13553
transaction,card2,card,float64,0.015126833068039422,500
transaction,card3,card,float64,0.0026501168422122124,114
transaction,card4,card,str,0.00267043722694483,4
transaction,card5,card,float64,0.007212043214684865,119
transaction,card6,card,str,0.0026602770345785214,4
transaction,ProductCD,core,str,0.0,5
transaction,TransactionAmt,core,float64,0.0,20902
transaction,TransactionDT,core,int64,0.0,573349
transaction,TransactionID,core,int64,0.0,590540
transaction,isFraud,core,int64,0.0,2
transaction,C1,count,float64,0.0,1657
transaction,C10,count,float64,0.0,1231
transaction,C11,count,float64,0.0,1476
transaction,C12,count,float64,0.0,1199
transaction,C13,count,float64,0.0,1597
transaction,C14,count,float64,0.0,1108
transaction,C2,count,float64,0.0,1216
transaction,C3,count,float64,0.0,27
transaction,C4,count,float64,0.0,1260
transaction,C5,count,float64,0.0,319
transaction,C6,count,float64,0.0,1328
transaction,C7,count,float64,0.0,1103
transaction,C8,count,float64,0.0,1253
transaction,C9,count,float64,0.0,205
transaction,P_emaildomain,email,str,0.1599485216920107,59
transaction,R_emaildomain,email,str,0.7675161716395164,60
transaction,M1,match,str,0.4590713584177194,2
transaction,M2,match,str,0.4590713584177194,2
transaction,M3,match,str,0.4590713584177194,2
transaction,M4,match,str,0.47658753005723575,3
transaction,M5,match,str,0.5934940901547736,2
transaction,M6,match,str,0.28678836319300977,2
transaction,M7,match,str,0.5863531682866528,2
transaction,M8,match,str,0.5863311545365258,2
transaction,M9,match,str,0.5863311545365258,2
transaction,D1,time_delta,float64,0.0021488806854743116,641
transaction,D10,time_delta,float64,0.1287330240119213,818
transaction,D11,time_delta,float64,0.47293494090154775,676
transaction,D12,time_delta,float64,0.8904104717715988,635
transaction,D13,time_delta,float64,0.8950926270870728,577
transaction,D14,time_delta,float64,0.8946946862193924,802
transaction,D15,time_delta,float64,0.1509008703898127,859
transaction,D2,time_delta,float64,0.4754919226470688,641
transaction,D3,time_delta,float64,0.44514850814508755,649
transaction,D4,time_delta,float64,0.2860466691502693,808
transaction,D5,time_delta,float64,0.524674027161581,688
transaction,D6,time_delta,float64,0.8760676668811597,829
transaction,D7,time_delta,float64,0.9340992989467267,597
transaction,D8,time_delta,float64,0.8731229044603245,12353
transaction,D9,time_delta,float64,0.8731229044603245,24
transaction,V1,vesta_engineered,float64,0.47293494090154775,2
transaction,V10,vesta_engineered,float64,0.47293494090154775,5
transaction,V100,vesta_engineered,float64,0.0005317167338368274,29
transaction,V101,vesta_engineered,float64,0.0005317167338368274,870
transaction,V102,vesta_engineered,float64,0.0005317167338368274,1285
transaction,V103,vesta_engineered,float64,0.0005317167338368274,928
transaction,V104,vesta_engineered,float64,0.0005317167338368274,16
transaction,V105,vesta_engineered,float64,0.0005317167338368274,100
transaction,V106,vesta_engineered,float64,0.0005317167338368274,56
transaction,V107,vesta_engineered,float64,0.0005317167338368274,2
transaction,V108,vesta_engineered,float64,0.0005317167338368274,8
transaction,V109,vesta_engineered,float64,0.0005317167338368274,8
transaction,V11,vesta_engineered,float64,0.47293494090154775,6
transaction,V110,vesta_engineered,float64,0.0005317167338368274,8
transaction,V111,vesta_engineered,float64,0.0005317167338368274,10
transaction,V112,vesta_engineered,float64,0.0005317167338368274,10
transaction,V113,vesta_engineered,float64,0.0005317167338368274,10
transaction,V114,vesta_engineered,float64,0.0005317167338368274,7
transaction,V115,vesta_engineered,float64,0.0005317167338368274,7
transaction,V116,vesta_engineered,float64,0.0005317167338368274,7
transaction,V117,vesta_engineered,float64,0.0005317167338368274,4
transaction,V118,vesta_engineered,float64,0.0005317167338368274,4
transaction,V119,vesta_engineered,float64,0.0005317167338368274,4
transaction,V12,vesta_engineered,float64,0.1288193856470349,4
transaction,V120,vesta_engineered,float64,0.0005317167338368274,4
transaction,V121,vesta_engineered,float64,0.0005317167338368274,4
transaction,V122,vesta_engineered,float64,0.0005317167338368274,4
transaction,V123,vesta_engineered,float64,0.0005317167338368274,14
transaction,V124,vesta_engineered,float64,0.0005317167338368274,14
transaction,V125,vesta_engineered,float64,0.0005317167338368274,14
transaction,V126,vesta_engineered,float64,0.0005317167338368274,10299
transaction,V127,vesta_engineered,float64,0.0005317167338368274,24414
transaction,V128,vesta_engineered,float64,0.0005317167338368274,14507
transaction,V129,vesta_engineered,float64,0.0005317167338368274,1968
transaction,V13,vesta_engineered,float64,0.1288193856470349,7
transaction,V130,vesta_engineered,float64,0.0005317167338368274,12332
transaction,V131,vesta_engineered,float64,0.0005317167338368274,4444
transaction,V132,vesta_engineered,float64,0.0005317167338368274,6560
transaction,V133,vesta_engineered,float64,0.0005317167338368274,9949
transaction,V134,vesta_engineered,float64,0.0005317167338368274,8178
transaction,V135,vesta_engineered,float64,0.0005317167338368274,3724
transaction,V136,vesta_engineered,float64,0.0005317167338368274,4852
transaction,V137,vesta_engineered,float64,0.0005317167338368274,4252
transaction,V138,vesta_engineered,float64,0.8612371727571375,23
transaction,V139,vesta_engineered,float64,0.8612371727571375,34
transaction,V14,vesta_engineered,float64,0.1288193856470349,2
transaction,V140,vesta_engineered,float64,0.8612371727571375,34
transaction,V141,vesta_engineered,float64,0.8612371727571375,6
transaction,V142,vesta_engineered,float64,0.8612371727571375,10
transaction,V143,vesta_engineered,float64,0.8612270125647712,870
transaction,V144,vesta_engineered,float64,0.8612270125647712,63
transaction,V145,vesta_engineered,float64,0.8612270125647712,260
transaction,V146,vesta_engineered,float64,0.8612371727571375,25
transaction,V147,vesta_engineered,float64,0.8612371727571375,27
transaction,V148,vesta_engineered,float64,0.8612371727571375,21
transaction,V149,vesta_engineered,float64,0.8612371727571375,21
transaction,V15,vesta_engineered,float64,0.1288193856470349,8
transaction,V150,vesta_engineered,float64,0.8612270125647712,1996
transaction,V151,vesta_engineered,float64,0.8612270125647712,56
transaction,V152,vesta_engineered,float64,0.8612270125647712,39
transaction,V153,vesta_engineered,float64,0.8612371727571375,19
transaction,V154,vesta_engineered,float64,0.8612371727571375,19
transaction,V155,vesta_engineered,float64,0.8612371727571375,25
transaction,V156,vesta_engineered,float64,0.8612371727571375,25
transaction,V157,vesta_engineered,float64,0.8612371727571375,25
transaction,V158,vesta_engineered,float64,0.8612371727571375,25
transaction,V159,vesta_engineered,float64,0.8612270125647712,6663
transaction,V16,vesta_engineered,float64,0.1288193856470349,15
transaction,V160,vesta_engineered,float64,0.8612270125647712,9621
transaction,V161,vesta_engineered,float64,0.8612371727571375,79
transaction,V162,vesta_engineered,float64,0.8612371727571375,185
transaction,V163,vesta_engineered,float64,0.8612371727571375,106
transaction,V164,vesta_engineered,float64,0.8612270125647712,1978
transaction,V165,vesta_engineered,float64,0.8612270125647712,2547
transaction,V166,vesta_engineered,float64,0.8612270125647712,987
transaction,V167,vesta_engineered,float64,0.763553696616656,873
transaction,V168,vesta_engineered,float64,0.763553696616656,965
transaction,V169,vesta_engineered,float64,0.7632353439225116,20
transaction,V17,vesta_engineered,float64,0.1288193856470349,16
transaction,V170,vesta_engineered,float64,0.7632353439225116,49
transaction,V171,vesta_engineered,float64,0.7632353439225116,62
transaction,V172,vesta_engineered,float64,0.763553696616656,32
transaction,V173,vesta_engineered,float64,0.763553696616656,8
transaction,V174,vesta_engineered,float64,0.7632353439225116,9
transaction,V175,vesta_engineered,float64,0.7632353439225116,15
transaction,V176,vesta_engineered,float64,0.763553696616656,49
transaction,V177,vesta_engineered,float64,0.763553696616656,862
transaction,V178,vesta_engineered,float64,0.763553696616656,1236
transaction,V179,vesta_engineered,float64,0.763553696616656,921
transaction,V18,vesta_engineered,float64,0.1288193856470349,16
transaction,V180,vesta_engineered,float64,0.7632353439225116,84
transaction,V181,vesta_engineered,float64,0.763553696616656,25
transaction,V182,vesta_engineered,float64,0.763553696616656,84
transaction,V183,vesta_engineered,float64,0.763553696616656,42
transaction,V184,vesta_engineered,float64,0.7632353439225116,17
transaction,V185,vesta_engineered,float64,0.7632353439225116,32
transaction,V186,vesta_engineered,float64,0.763553696616656,39
transaction,V187,vesta_engineered,float64,0.763553696616656,215
transaction,V188,vesta_engineered,float64,0.7632353439225116,31
transaction,V189,vesta_engineered,float64,0.7632353439225116,31
transaction,V19,vesta_engineered,float64,0.1288193856470349,8
transaction,V190,vesta_engineered,float64,0.763553696616656,43
transaction,V191,vesta_engineered,float64,0.763553696616656,22
transaction,V192,vesta_engineered,float64,0.763553696616656,45
transaction,V193,vesta_engineered,float64,0.763553696616656,38
transaction,V194,vesta_engineered,float64,0.7632353439225116,8
transaction,V195,vesta_engineered,float64,0.7632353439225116,17
transaction,V196,vesta_engineered,float64,0.763553696616656,39
transaction,V197,vesta_engineered,float64,0.7632353439225116,15
transaction,V198,vesta_engineered,float64,0.7632353439225116,22
transaction,V199,vesta_engineered,float64,0.763553696616656,46
transaction,V2,vesta_engineered,float64,0.47293494090154775,9
transaction,V20,vesta_engineered,float64,0.1288193856470349,15
transaction,V200,vesta_engineered,float64,0.7632353439225116,46
transaction,V201,vesta_engineered,float64,0.7632353439225116,56
transaction,V202,vesta_engineered,float64,0.763553696616656,10970
transaction,V203,vesta_engineered,float64,0.763553696616656,14951
transaction,V204,vesta_engineered,float64,0.763553696616656,12858
transaction,V205,vesta_engineered,float64,0.763553696616656,2240
transaction,V206,vesta_engineered,float64,0.763553696616656,1780
transaction,V207,vesta_engineered,float64,0.763553696616656,3246
transaction,V208,vesta_engineered,float64,0.7632353439225116,2552
transaction,V209,vesta_engineered,float64,0.7632353439225116,3451
transaction,V21,vesta_engineered,float64,0.1288193856470349,6
transaction,V210,vesta_engineered,float64,0.7632353439225116,2836
transaction,V211,vesta_engineered,float64,0.763553696616656,7624
transaction,V212,vesta_engineered,float64,0.763553696616656,8868
transaction,V213,vesta_engineered,float64,0.763553696616656,8317
transaction,V214,vesta_engineered,float64,0.763553696616656,2282
transaction,V215,vesta_engineered,float64,0.763553696616656,2747
transaction,V216,vesta_engineered,float64,0.763553696616656,2532
transaction,V217,vesta_engineered,float64,0.7791343516103905,304
transaction,V218,vesta_engineered,float64,0.7791343516103905,401
transaction,V219,vesta_engineered,float64,0.7791343516103905,379
transaction,V22,vesta_engineered,float64,0.1288193856470349,9
transaction,V220,vesta_engineered,float64,0.7605310393876791,26
transaction,V221,vesta_engineered,float64,0.7605310393876791,77
transaction,V222,vesta_engineered,float64,0.7605310393876791,76
transaction,V223,vesta_engineered,float64,0.7791343516103905,17
transaction,V224,vesta_engineered,float64,0.7791343516103905,79
transaction,V225,vesta_engineered,float64,0.7791343516103905,35
transaction,V226,vesta_engineered,float64,0.7791343516103905,81
transaction,V227,vesta_engineered,float64,0.7605310393876791,50
transaction,V228,vesta_engineered,float64,0.7791343516103905,55
transaction,V229,vesta_engineered,float64,0.7791343516103905,91
transaction,V23,vesta_engineered,float64,0.1288193856470349,14
transaction,V230,vesta_engineered,float64,0.7791343516103905,66
transaction,V231,vesta_engineered,float64,0.7791343516103905,294
transaction,V232,vesta_engineered,float64,0.7791343516103905,338
transaction,V233,vesta_engineered,float64,0.7791343516103905,333
transaction,V234,vesta_engineered,float64,0.7605310393876791,122
transaction,V235,vesta_engineered,float64,0.7791343516103905,24
transaction,V236,vesta_engineered,float64,0.7791343516103905,46
transaction,V237,vesta_engineered,float64,0.7791343516103905,40
transaction,V238,vesta_engineered,float64,0.7605310393876791,24
transaction,V239,vesta_engineered,float64,0.7605310393876791,24
transaction,V24,vesta_engineered,float64,0.1288193856470349,14
transaction,V240,vesta_engineered,float64,0.7791343516103905,6
transaction,V241,vesta_engineered,float64,0.7791343516103905,5
transaction,V242,vesta_engineered,float64,0.7791343516103905,21
transaction,V243,vesta_engineered,float64,0.7791343516103905,43
transaction,V244,vesta_engineered,float64,0.7791343516103905,23
transaction,V245,vesta_engineered,float64,0.7605310393876791,58
transaction,V246,vesta_engineered,float64,0.7791343516103905,46
transaction,V247,vesta_engineered,float64,0.7791343516103905,19
transaction,V248,vesta_engineered,float64,0.7791343516103905,23
transaction,V249,vesta_engineered,float64,0.7791343516103905,23
transaction,V25,vesta_engineered,float64,0.1288193856470349,7
transaction,V250,vesta_engineered,float64,0.7605310393876791,19
transaction,V251,vesta_engineered,float64,0.7605310393876791,19
transaction,V252,vesta_engineered,float64,0.7791343516103905,25
transaction,V253,vesta_engineered,float64,0.7791343516103905,66
transaction,V254,vesta_engineered,float64,0.7791343516103905,45
transaction,V255,vesta_engineered,float64,0.7605310393876791,46
transaction,V256,vesta_engineered,float64,0.7605310393876791,48
transaction,V257,vesta_engineered,float64,0.7791343516103905,49
transaction,V258,vesta_engineered,float64,0.7791343516103905,67
transaction,V259,vesta_engineered,float64,0.7605310393876791,68
transaction,V26,vesta_engineered,float64,0.1288193856470349,13
transaction,V260,vesta_engineered,float64,0.7791343516103905,9
transaction,V261,vesta_engineered,float64,0.7791343516103905,41
transaction,V262,vesta_engineered,float64,0.7791343516103905,21
transaction,V263,vesta_engineered,float64,0.7791343516103905,10422
transaction,V264,vesta_engineered,float64,0.7791343516103905,13358
transaction,V265,vesta_engineered,float64,0.7791343516103905,11757
transaction,V266,vesta_engineered,float64,0.7791343516103905,2178
transaction,V267,vesta_engineered,float64,0.7791343516103905,3616
transaction,V268,vesta_engineered,float64,0.7791343516103905,2756
transaction,V269,vesta_engineered,float64,0.7791343516103905,151
transaction,V27,vesta_engineered,float64,0.1288193856470349,4
transaction,V270,vesta_engineered,float64,0.7605310393876791,2340
transaction,V271,vesta_engineered,float64,0.7605310393876791,2787
transaction,V272,vesta_engineered,float64,0.7605310393876791,2507
transaction,V273,vesta_engineered,float64,0.7791343516103905,7177
transaction,V274,vesta_engineered,float64,0.7791343516103905,8315
transaction,V275,vesta_engineered,float64,0.7791343516103905,7776
transaction,V276,vesta_engineered,float64,0.7791343516103905,2263
transaction,V277,vesta_engineered,float64,0.7791343516103905,2540
transaction,V278,vesta_engineered,float64,0.7791343516103905,2398
transaction,V279,vesta_engineered,float64,2.0320384732617603e-05,881
transaction,V28,vesta_engineered,float64,0.1288193856470349,4
transaction,V280,vesta_engineered,float64,2.0320384732617603e-05,975
transaction,V281,vesta_engineered,float64,0.0021488806854743116,23
transaction,V282,vesta_engineered,float64,0.0021488806854743116,33
transaction,V283,vesta_engineered,float64,0.0021488806854743116,62
transaction,V284,vesta_engineered,float64,2.0320384732617603e-05,13
transaction,V285,vesta_engineered,float64,2.0320384732617603e-05,96
transaction,V286,vesta_engineered,float64,2.0320384732617603e-05,9
transaction,V287,vesta_engineered,float64,2.0320384732617603e-05,32
transaction,V288,vesta_engineered,float64,0.0021488806854743116,11
transaction,V289,vesta_engineered,float64,0.0021488806854743116,13
transaction,V29,vesta_engineered,float64,0.1288193856470349,6
transaction,V290,vesta_engineered,float64,2.0320384732617603e-05,58
transaction,V291,vesta_engineered,float64,2.0320384732617603e-05,219
transaction,V292,vesta_engineered,float64,2.0320384732617603e-05,173
transaction,V293,vesta_engineered,float64,2.0320384732617603e-05,870
transaction,V294,vesta_engineered,float64,2.0320384732617603e-05,1286
transaction,V295,vesta_engineered,float64,2.0320384732617603e-05,928
transaction,V296,vesta_engineered,float64,0.0021488806854743116,94
transaction,V297,vesta_engineered,float64,2.0320384732617603e-05,13
transaction,V298,vesta_engineered,float64,2.0320384732617603e-05,94
transaction,V299,vesta_engineered,float64,2.0320384732617603e-05,50
transaction,V3,vesta_engineered,float64,0.47293494090154775,10
transaction,V30,vesta_engineered,float64,0.1288193856470349,8
transaction,V300,vesta_engineered,float64,0.0021488806854743116,12
transaction,V301,vesta_engineered,float64,0.0021488806854743116,14
transaction,V302,vesta_engineered,float64,2.0320384732617603e-05,17
transaction,V303,vesta_engineered,float64,2.0320384732617603e-05,21
transaction,V304,vesta_engineered,float64,2.0320384732617603e-05,17
transaction,V305,vesta_engineered,float64,2.0320384732617603e-05,2
transaction,V306,vesta_engineered,float64,2.0320384732617603e-05,16210
transaction,V307,vesta_engineered,float64,2.0320384732617603e-05,37367
transaction,V308,vesta_engineered,float64,2.0320384732617603e-05,23064
transaction,V309,vesta_engineered,float64,2.0320384732617603e-05,4236
transaction,V31,vesta_engineered,float64,0.1288193856470349,8
transaction,V310,vesta_engineered,float64,2.0320384732617603e-05,19136
transaction,V311,vesta_engineered,float64,2.0320384732617603e-05,3098
transaction,V312,vesta_engineered,float64,2.0320384732617603e-05,8068
transaction,V313,vesta_engineered,float64,0.0021488806854743116,5529
transaction,V314,vesta_engineered,float64,0.0021488806854743116,11377
transaction,V315,vesta_engineered,float64,0.0021488806854743116,6973
transaction,V316,vesta_engineered,float64,2.0320384732617603e-05,9814
transaction,V317,vesta_engineered,float64,2.0320384732617603e-05,15184
transaction,V318,vesta_engineered,float64,2.0320384732617603e-05,12309
transaction,V319,vesta_engineered,float64,2.0320384732617603e-05,4799
transaction,V32,vesta_engineered,float64,0.1288193856470349,15
transaction,V320,vesta_engineered,float64,2.0320384732617603e-05,6439
transaction,V321,vesta_engineered,float64,2.0320384732617603e-05,5560
transaction,V322,vesta_engineered,float64,0.8605496664070174,881
transaction,V323,vesta_engineered,float64,0.8605496664070174,1411
transaction,V324,vesta_engineered,float64,0.8605496664070174,976
transaction,V325,vesta_engineered,float64,0.8605496664070174,13
transaction,V326,vesta_engineered,float64,0.8605496664070174,45
transaction,V327,vesta_engineered,float64,0.8605496664070174,19
transaction,V328,vesta_engineered,float64,0.8605496664070174,16
transaction,V329,vesta_engineered,float64,0.8605496664070174,100
transaction,V33,vesta_engineered,float64,0.1288193856470349,7
transaction,V330,vesta_engineered,float64,0.8605496664070174,56
transaction,V331,vesta_engineered,float64,0.8605496664070174,1758
transaction,V332,vesta_engineered,float64,0.8605496664070174,2453
transaction,V333,vesta_engineered,float64,0.8605496664070174,1971
transaction,V334,vesta_engineered,float64,0.8605496664070174,143
transaction,V335,vesta_engineered,float64,0.8605496664070174,672
transaction,V336,vesta_engineered,float64,0.8605496664070174,356
transaction,V337,vesta_engineered,float64,0.8605496664070174,254
transaction,V338,vesta_engineered,float64,0.8605496664070174,380
transaction,V339,vesta_engineered,float64,0.8605496664070174,334
transaction,V34,vesta_engineered,float64,0.1288193856470349,13
transaction,V35,vesta_engineered,float64,0.2861262573238053,4
transaction,V36,vesta_engineered,float64,0.2861262573238053,6
transaction,V37,vesta_engineered,float64,0.2861262573238053,55
transaction,V38,vesta_engineered,float64,0.2861262573238053,55
transaction,V39,vesta_engineered,float64,0.2861262573238053,16
transaction,V4,vesta_engineered,float64,0.47293494090154775,7
transaction,V40,vesta_engineered,float64,0.2861262573238053,18
transaction,V41,vesta_engineered,float64,0.2861262573238053,2
transaction,V42,vesta_engineered,float64,0.2861262573238053,9
transaction,V43,vesta_engineered,float64,0.2861262573238053,9
transaction,V44,vesta_engineered,float64,0.2861262573238053,49
transaction,V45,vesta_engineered,float64,0.2861262573238053,49
transaction,V46,vesta_engineered,float64,0.2861262573238053,7
transaction,V47,vesta_engineered,float64,0.2861262573238053,9
transaction,V48,vesta_engineered,float64,0.2861262573238053,6
transaction,V49,vesta_engineered,float64,0.2861262573238053,6
transaction,V5,vesta_engineered,float64,0.47293494090154775,7
transaction,V50,vesta_engineered,float64,0.2861262573238053,6
transaction,V51,vesta_engineered,float64,0.2861262573238053,7
transaction,V52,vesta_engineered,float64,0.2861262573238053,9
transaction,V53,vesta_engineered,float64,0.13055169844549055,6
transaction,V54,vesta_engineered,float64,0.13055169844549055,7
transaction,V55,vesta_engineered,float64,0.13055169844549055,18
transaction,V56,vesta_engineered,float64,0.13055169844549055,52
transaction,V57,vesta_engineered,float64,0.13055169844549055,7
transaction,V58,vesta_engineered,float64,0.13055169844549055,11
transaction,V59,vesta_engineered,float64,0.13055169844549055,17
transaction,V6,vesta_engineered,float64,0.47293494090154775,10
transaction,V60,vesta_engineered,float64,0.13055169844549055,17
transaction,V61,vesta_engineered,float64,0.13055169844549055,7
transaction,V62,vesta_engineered,float64,0.13055169844549055,11
transaction,V63,vesta_engineered,float64,0.13055169844549055,8
transaction,V64,vesta_engineered,float64,0.13055169844549055,8
transaction,V65,vesta_engineered,float64,0.13055169844549055,2
transaction,V66,vesta_engineered,float64,0.13055169844549055,8
transaction,V67,vesta_engineered,float64,0.13055169844549055,9
transaction,V68,vesta_engineered,float64,0.13055169844549055,3
transaction,V69,vesta_engineered,float64,0.13055169844549055,6
transaction,V7,vesta_engineered,float64,0.47293494090154775,10
transaction,V70,vesta_engineered,float64,0.13055169844549055,7
transaction,V71,vesta_engineered,float64,0.13055169844549055,7
transaction,V72,vesta_engineered,float64,0.13055169844549055,11
transaction,V73,vesta_engineered,float64,0.13055169844549055,8
transaction,V74,vesta_engineered,float64,0.13055169844549055,9
transaction,V75,vesta_engineered,float64,0.15098723202492634,5
transaction,V76,vesta_engineered,float64,0.15098723202492634,7
transaction,V77,vesta_engineered,float64,0.15098723202492634,31
transaction,V78,vesta_engineered,float64,0.15098723202492634,32
transaction,V79,vesta_engineered,float64,0.15098723202492634,8
transaction,V8,vesta_engineered,float64,0.47293494090154775,9
transaction,V80,vesta_engineered,float64,0.15098723202492634,20
transaction,V81,vesta_engineered,float64,0.15098723202492634,20
transaction,V82,vesta_engineered,float64,0.15098723202492634,8
transaction,V83,vesta_engineered,float64,0.15098723202492634,8
transaction,V84,vesta_engineered,float64,0.15098723202492634,8
transaction,V85,vesta_engineered,float64,0.15098723202492634,8
transaction,V86,vesta_engineered,float64,0.15098723202492634,31
transaction,V87,vesta_engineered,float64,0.15098723202492634,31
transaction,V88,vesta_engineered,float64,0.15098723202492634,2
transaction,V89,vesta_engineered,float64,0.15098723202492634,3
transaction,V9,vesta_engineered,float64,0.47293494090154775,9
transaction,V90,vesta_engineered,float64,0.15098723202492634,6
transaction,V91,vesta_engineered,float64,0.15098723202492634,7
transaction,V92,vesta_engineered,float64,0.15098723202492634,8
transaction,V93,vesta_engineered,float64,0.15098723202492634,8
transaction,V94,vesta_engineered,float64,0.15098723202492634,3
transaction,V95,vesta_engineered,float64,0.0005317167338368274,881
transaction,V96,vesta_engineered,float64,0.0005317167338368274,1410
transaction,V97,vesta_engineered,float64,0.0005317167338368274,976
transaction,V98,vesta_engineered,float64,0.0005317167338368274,13
transaction,V99,vesta_engineered,float64,0.0005317167338368274,89
