delay_days,snapshot_day,available_rows,label_coverage_all_history,available_fraud_cases,available_fraud_rate,fast_feedback_share_of_available_fraud
7,152,165513,0.9685423791035366,6327,0.03822660455674177,0.3750592697961119
7,154,160445,0.9664315299627126,6246,0.03892922808439029,0.37576048671149537
7,161,158882,0.9690767645640933,6108,0.038443624828489065,0.37246234446627374
7,168,157747,0.9681941592910698,5892,0.037350948037046666,0.3672776646300068
7,175,157939,0.9707808210768192,5742,0.036355808255085824,0.37112504353883663
7,182,155829,0.9755046904825906,5403,0.03467262191248099,0.382380159170831
14,152,147974,0.9335493421971454,5918,0.0399935123737954,0.40098006083136195
14,154,142596,0.9313105673779798,5807,0.040723442452803724,0.404167384191493
14,161,138139,0.9298617084629127,5678,0.04110352615843462,0.40066924973582246
14,168,138636,0.9334405045290135,5547,0.040011252488531115,0.3901207860104561
14,175,137601,0.935106690872734,5249,0.03814652509792807,0.40598209182701467
14,182,136588,0.9427699877166179,4931,0.03610126804697338,0.4189819509227337
30,152,103032,0.8438830519498657,4895,0.047509511608044105,0.4847803881511747
30,154,99848,0.8471965605108074,4813,0.048203268968832626,0.4876376480365676
30,161,97179,0.8524260097739883,4704,0.048405519711048686,0.4836309523809524
30,168,94846,0.8538076992320408,4577,0.04825717478860469,0.47279877649115143
30,175,92239,0.8555388919584989,4343,0.047084205162675224,0.4906746488602349
30,182,90451,0.864277134875618,3951,0.043681109108799236,0.5229055935206277
