feature,coefficient,absolute_coefficient
numeric__C14,-29.184821262982215,29.184821262982215
numeric__C4,13.844477075748767,13.844477075748767
numeric__C1,12.56941013802713,12.56941013802713
numeric__C11,12.419315234622745,12.419315234622745
numeric__C8,10.046859380574196,10.046859380574196
categorical__id_31_ie 11.0 for tablet,-8.029692053207643,8.029692053207643
categorical__id_31_chrome 58.0,6.331106089544014,6.331106089544014
numeric__C2,6.245278954645009,6.245278954645009
categorical__P_emaildomain_mail.com,5.910535449940049,5.910535449940049
categorical__R_emaildomain_icloud.com,5.503425594402355,5.503425594402355
categorical__P_emaildomain_aim.com,5.064361200944366,5.064361200944366
categorical__id_31_firefox,4.77081587957029,4.77081587957029
categorical__R_emaildomain_msn.com,-4.394911975312067,4.394911975312067
categorical__R_emaildomain_outlook.com,4.32038118770922,4.32038118770922
categorical__P_emaildomain_live.com,4.302162608619838,4.302162608619838
categorical__R_emaildomain_infrequent_sklearn,4.1538118729826135,4.1538118729826135
categorical__R_emaildomain_verizon.net,-4.139903540449119,4.139903540449119
categorical__R_emaildomain_bellsouth.net,-3.9980798068853916,3.9980798068853916
categorical__R_emaildomain_gmail.com,3.962411767487611,3.962411767487611
categorical__id_31_chrome 64.0 for android,3.9464786137847447,3.9464786137847447
categorical__id_31_android webview 4.0,3.92417332305697,3.92417332305697
categorical__R_emaildomain_att.net,-3.834974376934759,3.834974376934759
numeric__C12,3.808372836932736,3.808372836932736
numeric__C3,-3.6412602582017213,3.6412602582017213
numeric__hour_cos,-3.619977086215831,3.619977086215831
categorical__P_emaildomain_web.de,-3.6050916690068497,3.6050916690068497
categorical__R_emaildomain_hotmail.fr,-3.4637196146880505,3.4637196146880505
categorical__P_emaildomain_hotmail.fr,-3.4566516308360344,3.4566516308360344
categorical__R_emaildomain_web.de,-3.4432870174918717,3.4432870174918717
numeric__D13,-3.4143592406387415,3.4143592406387415
numeric__C5,-3.336137760541315,3.336137760541315
categorical__P_emaildomain_mac.com,-3.2341891193979673,3.2341891193979673
categorical__id_31_infrequent_sklearn,3.2094630650241895,3.2094630650241895
categorical__R_emaildomain_yahoo.com,3.176954623673004,3.176954623673004
categorical__id_31_opera 49.0,3.16390480814613,3.16390480814613
categorical__ProductCD_H,-3.116668886593715,3.116668886593715
categorical__id_31_safari generic,-3.1127539593497486,3.1127539593497486
categorical__R_emaildomain_me.com,-3.102675650798683,3.102675650798683
categorical__R_emaildomain_charter.net,3.097837405142834,3.097837405142834
categorical__ProductCD_W,3.014975759953176,3.014975759953176
categorical__P_emaildomain_yahoo.com.mx,-2.993115498408635,2.993115498408635
numeric__D14,2.983512884533801,2.983512884533801
categorical__card6_credit,2.9751450893367073,2.9751450893367073
categorical__id_31_chrome 55.0 for android,-2.9007180534331707,2.9007180534331707
categorical__R_emaildomain_yahoo.com.mx,-2.8996343325643044,2.8996343325643044
categorical__P_emaildomain_sbcglobal.net,-2.8677240533875477,2.8677240533875477
categorical__ProductCD_R,-2.790061669032399,2.790061669032399
numeric__C9,2.754917704197367,2.754917704197367
categorical__P_emaildomain_juno.com,-2.681307244911139,2.681307244911139
numeric__card5,2.6482359663890684,2.6482359663890684
categorical__P_emaildomain_frontier.com,-2.604686904282171,2.604686904282171
categorical__P_emaildomain_outlook.com,2.574986657322148,2.574986657322148
categorical__P_emaildomain_gmail,2.5711079399388663,2.5711079399388663
categorical__id_31_chrome 62.0,-2.543548989081521,2.543548989081521
numeric__D2,-2.5214461360772007,2.5214461360772007
categorical__R_emaildomain_ymail.com,2.422874799783229,2.422874799783229
numeric__card1,2.4000809559235163,2.4000809559235163
numeric__C6,2.3792477465345505,2.3792477465345505
categorical__P_emaildomain_gmail.com,2.3757212846272164,2.3757212846272164
numeric__missingindicator_D1,-2.327876024400796,2.327876024400796
categorical__R_emaildomain_aol.com,2.3127653506222394,2.3127653506222394
categorical__id_31_firefox 52.0,-2.2025684730926924,2.2025684730926924
categorical__id_31_edge 15.0,-2.14624348280384,2.14624348280384
categorical__P_emaildomain_bellsouth.net,2.137391351758836,2.137391351758836
categorical__id_31_chrome 61.0,2.1285467904098345,2.1285467904098345
categorical__id_31_ie 11.0 for desktop,-2.123056888727831,2.123056888727831
categorical__R_emaildomain_hotmail.es,2.0860481365324572,2.0860481365324572
numeric__missingindicator_D12,-2.076994181488252,2.076994181488252
categorical__P_emaildomain_hotmail.es,2.04849036750262,2.04849036750262
categorical__P_emaildomain_windstream.net,-1.9649719325490542,1.9649719325490542
categorical__R_emaildomain_sbcglobal.net,-1.9610523209802273,1.9610523209802273
categorical__P_emaildomain_live.com.mx,-1.9305490994259038,1.9305490994259038
categorical__card4_american express,-1.9218977306842628,1.9218977306842628
categorical__P_emaildomain_q.com,-1.90076832089008,1.90076832089008
categorical__id_31_mobile safari 10.0,-1.8827864949572133,1.8827864949572133
categorical__P_emaildomain_att.net,-1.8556368221663113,1.8556368221663113
categorical__id_31_firefox generic,1.8204828502675274,1.8204828502675274
categorical__id_31_chrome 60.0 for android,-1.817574618604079,1.817574618604079
categorical__R_emaildomain_mac.com,-1.8128673954179997,1.8128673954179997
numeric__D9,1.7921437164621368,1.7921437164621368
numeric__D7,-1.7841795971825147,1.7841795971825147
categorical__P_emaildomain_centurylink.net,-1.7825252487661192,1.7825252487661192
categorical__P_emaildomain_twc.com,-1.774646436824831,1.774646436824831
categorical__R_emaildomain_live.com,-1.7623246545333398,1.7623246545333398
numeric__amount_to_entity_prior_mean,-1.762072502644446,1.762072502644446
numeric__entity_is_new,1.7537179914034755,1.7537179914034755
numeric__missingindicator_entity_seconds_since_previous,1.7537179914034755,1.7537179914034755
numeric__missingindicator_entity_prior_amount_mean,1.7537179914034755,1.7537179914034755
numeric__missingindicator_amount_to_entity_prior_mean,1.7537179914034755,1.7537179914034755
categorical__R_emaildomain_live.com.mx,-1.738920369258671,1.738920369258671
categorical__id_31_samsung browser generic,1.7331765869418918,1.7331765869418918
categorical__P_emaildomain_verizon.net,-1.7259985780998404,1.7259985780998404
categorical__id_31_chrome 49.0,-1.723056366817583,1.723056366817583
categorical__id_31_firefox 48.0,-1.7182380436911244,1.7182380436911244
categorical__P_emaildomain_netzero.com,-1.715082772735507,1.715082772735507
categorical__P_emaildomain_yahoo.com,1.7012440764400223,1.7012440764400223
numeric__D3,-1.6943470461790833,1.6943470461790833
numeric__card2,1.6844246529030478,1.6844246529030478
categorical__id_31_chrome 58.0 for android,1.672879076862194,1.672879076862194
categorical__R_emaildomain_hotmail.com,1.6497832361681086,1.6497832361681086
categorical__id_31_edge 16.0,-1.6379004368249384,1.6379004368249384
categorical__P_emaildomain_netzero.net,-1.607692833680368,1.607692833680368
categorical__id_31_edge 14.0,1.601150851748436,1.601150851748436
categorical__R_emaildomain_outlook.es,1.5945686986566134,1.5945686986566134
categorical__DeviceType_mobile,1.560283168369272,1.560283168369272
numeric__D1,1.5521500549706124,1.5521500549706124
categorical__R_emaildomain_cox.net,1.5434994371414577,1.5434994371414577
categorical__id_31_chrome 59.0 for android,-1.5290915804037593,1.5290915804037593
categorical__P_emaildomain_frontiernet.net,1.5211327900606944,1.5211327900606944
categorical__P_emaildomain_ymail.com,1.5194775802477978,1.5194775802477978
categorical__P_emaildomain_cfl.rr.com,-1.5035926660385954,1.5035926660385954
categorical__R_emaildomain_optonline.net,1.4310163915099399,1.4310163915099399
numeric__missingindicator_addr2,1.419768602980879,1.419768602980879
numeric__missingindicator_addr1,1.419768602980879,1.419768602980879
categorical__id_31_chrome generic for android,1.4119353439185034,1.4119353439185034
numeric__C13,1.4050612968666825,1.4050612968666825
categorical__R_emaildomain_prodigy.net.mx,-1.3893070894043555,1.3893070894043555
categorical__P_emaildomain_prodigy.net.mx,-1.3893070894043555,1.3893070894043555
categorical__P_emaildomain_outlook.es,1.3598348095365955,1.3598348095365955
categorical__id_31_mobile safari 9.0,-1.33281272841417,1.33281272841417
categorical__card6_debit,-1.309947933919992,1.309947933919992
categorical__id_31_chrome,1.308949194744299,1.308949194744299
categorical__ProductCD_S,1.2867819885808551,1.2867819885808551
numeric__C7,1.2262427957290838,1.2262427957290838
categorical__DeviceType_desktop,-1.2121280140508193,1.2121280140508193
numeric__missingindicator_card5,1.1588477943341589,1.1588477943341589
categorical__id_31_chrome generic,1.1514685158783227,1.1514685158783227
numeric__has_identity,1.1363605792973004,1.1363605792973004
numeric__missingindicator_D13,1.1343225268633024,1.1343225268633024
categorical__id_31_mobile safari 11.0,-1.0675429623720654,1.0675429623720654
numeric__card3,1.0671521143071938,1.0671521143071938
categorical__P_emaildomain_msn.com,1.0607401184306002,1.0607401184306002
numeric__missingindicator_dist1,1.056871469656572,1.056871469656572
numeric__hour_sin,-1.0479497362456252,1.0479497362456252
categorical__id_31_samsung browser 6.2,-1.0442550640363046,1.0442550640363046
categorical__P_emaildomain_aol.com,1.039715573628827,1.039715573628827
numeric__addr2,1.0253641853972288,1.0253641853972288
numeric__missingindicator_D6,0.9761955214685872,0.9761955214685872
categorical__id_31_chrome 59.0,-0.9486066382861675,0.9486066382861675
numeric__dist1,-0.9456507215984702,0.9456507215984702
categorical__id_31_firefox 57.0,-0.9336820366211982,0.9336820366211982
numeric__missingindicator_D10,-0.8946704483782104,0.8946704483782104
categorical__id_31_chrome 62.0 for android,-0.8870640601233241,0.8870640601233241
numeric__D11,0.864891015343077,0.864891015343077
numeric__D4,-0.8647172657005271,0.8647172657005271
categorical__P_emaildomain_roadrunner.com,-0.8475296965085092,0.8475296965085092
numeric__elapsed_day,0.8131841393239325,0.8131841393239325
categorical__card6_infrequent_sklearn,-0.8126234587152712,0.8126234587152712
categorical__id_31_firefox 56.0,-0.8004997324657486,0.8004997324657486
categorical__P_emaildomain_icloud.com,0.7969120158143742,0.7969120158143742
numeric__entity_seconds_since_previous,-0.7939096028231576,0.7939096028231576
categorical__P_emaildomain_rocketmail.com,-0.7890091020888481,0.7890091020888481
numeric__entity_prior_tx_count,0.7765561572430669,0.7765561572430669
categorical__P_emaildomain_infrequent_sklearn,0.7743103360501342,0.7743103360501342
categorical__id_31_chrome 63.0 for ios,-0.7587370786253299,0.7587370786253299
categorical__P_emaildomain_hotmail.com,0.7570102855872851,0.7570102855872851
numeric__C10,0.6921871078788554,0.6921871078788554
categorical__id_31_chrome 60.0,0.6915124838360021,0.6915124838360021
numeric__entity_prior_amount_mean,0.680035638655533,0.680035638655533
categorical__P_emaildomain_comcast.net,0.6598762904870332,0.6598762904870332
categorical__card4_discover,0.6277046967794364,0.6277046967794364
categorical__ProductCD_C,0.5867344050516662,0.5867344050516662
categorical__id_31_other,0.5608607036942167,0.5608607036942167
categorical__P_emaildomain_charter.net,0.5473219518691238,0.5473219518691238
categorical__id_31_chrome 64.0,0.5462897699524081,0.5462897699524081
categorical__id_31_mobile safari generic,0.5462574942752028,0.5462574942752028
numeric__dist2,-0.5250364550976618,0.5250364550976618
categorical__P_emaildomain_anonymous.com,0.5154965287601114,0.5154965287601114
numeric__addr1,0.4991728345950317,0.4991728345950317
categorical__P_emaildomain_cox.net,0.48530820210398157,0.48530820210398157
categorical__P_emaildomain_me.com,0.4609131414019613,0.4609131414019613
numeric__missingindicator_D7,-0.4428562045691191,0.4428562045691191
numeric__missingindicator_dist2,-0.4415907291547477,0.4415907291547477
numeric__missingindicator_card3,-0.440080210189717,0.440080210189717
numeric__missingindicator_D9,-0.35773847376348167,0.35773847376348167
numeric__missingindicator_D8,-0.35773847376348167,0.35773847376348167
numeric__missingindicator_D14,-0.33444096509669163,0.33444096509669163
categorical__id_31_firefox 58.0,0.3340512058125589,0.3340512058125589
numeric__missingindicator_D2,0.31930064489855436,0.31930064489855436
categorical__id_31_chrome 63.0,-0.3175503747549121,0.3175503747549121
categorical__R_emaildomain_anonymous.com,-0.30154125732506853,0.30154125732506853
numeric__missingindicator_D4,-0.29336817357516565,0.29336817357516565
numeric__D12,0.25595149842437986,0.25595149842437986
numeric__missingindicator_D3,0.25182179819572303,0.25182179819572303
categorical__card4_mastercard,-0.23980853225645432,0.23980853225645432
numeric__missingindicator_D15,-0.23976462622422742,0.23976462622422742
numeric__D15,-0.23810178131779183,0.23810178131779183
numeric__D5,-0.22439115121385017,0.22439115121385017
categorical__id_31_chrome 63.0 for android,0.1833116112738264,0.1833116112738264
categorical__id_31_chrome 61.0 for android,0.1823553457196237,0.1823553457196237
numeric__TransactionAmt,0.14990897074259227,0.14990897074259227
numeric__D10,0.13932455254379902,0.13932455254379902
categorical__id_31_chrome 56.0 for android,0.11028942285605255,0.11028942285605255
categorical__P_emaildomain_earthlink.net,-0.1091658976658157,0.1091658976658157
categorical__R_emaildomain_comcast.net,0.10855998456728556,0.10855998456728556
numeric__D6,-0.10669023602812681,0.10669023602812681
categorical__card4_visa,0.10601758290872097,0.10601758290872097
categorical__P_emaildomain_optonline.net,0.09166681734861847,0.09166681734861847
numeric__missingindicator_D5,-0.06374264156654608,0.06374264156654608
categorical__P_emaildomain_embarqmail.com,-0.035945268354326924,0.035945268354326924
numeric__missingindicator_card2,0.013690205588549161,0.013690205588549161
numeric__missingindicator_D11,-0.012493143871514706,0.012493143871514706
numeric__D8,-0.011678335984648416,0.011678335984648416
