elapsed_week,metric,value,amber_threshold,red_threshold,status
21,score_psi,0.014062917844047354,0.1,0.2,green
21,amount_psi,0.013442684778037919,0.1,0.2,green
21,ece,0.004766381469258543,0.02,0.04,green
22,score_psi,0.03133804874522373,0.1,0.2,green
22,amount_psi,0.011831555877059023,0.1,0.2,green
22,ece,0.006028916939830488,0.02,0.04,green
23,score_psi,0.05394442730267607,0.1,0.2,green
23,amount_psi,0.00453140392882332,0.1,0.2,green
23,ece,0.007509911672031001,0.02,0.04,green
24,score_psi,0.06339266046919285,0.1,0.2,green
24,amount_psi,0.008909898641490333,0.1,0.2,green
24,ece,0.0034299310161247125,0.02,0.04,green
25,score_psi,0.0418498933466083,0.1,0.2,green
25,amount_psi,0.010132155430029093,0.1,0.2,green
25,ece,0.007585447023215861,0.02,0.04,green
26,score_psi,0.04956224824738522,0.1,0.2,green
26,amount_psi,0.03311980067933211,0.1,0.2,green
26,ece,0.0038917156320573214,0.02,0.04,green
