scenario,partition,review_capacity,operational_days,review_transactions,mean_daily_reviews,review_capacity_utilisation,transactions,fraud_cases,intervention_rate,fraud_case_intervention_rate,fraud_exposure_intervention_rate,prevented_exposure_proxy,prevented_exposure_proxy_rate,legitimate_transactions_interrupted,legitimate_exposure_interrupted,allow_all_proxy_cost,policy_proxy_cost,proxy_cost_reduction
balanced_reference,policy,50,23,1111,48.30434782608695,0.9660869565217391,59054,2017,0.11206692180038609,0.5706494794248884,0.7725293796175062,174191.3712,0.5419178636128943,5467,2450851.392,192861.003,112892.75963999999,79968.24336000001
balanced_reference,oot,50,31,1550,50.0,1.0,88581,3083,0.1198676917171854,0.6120661693156016,0.7993968895636799,260993.6376,0.5557685304436799,8731,3941057.517,281765.1126,166144.94428,115620.16832
balanced_reference,policy,100,23,1546,67.21739130434783,0.6721739130434783,59054,2017,0.11206692180038609,0.5706494794248884,0.7725293796175062,178227.1789,0.5544734584834654,5467,2450851.392,192861.003,111905.2447,80955.7583
balanced_reference,oot,100,31,2599,83.83870967741936,0.8383870967741935,88581,3083,0.1198676917171854,0.6120661693156016,0.7993968895636799,271509.92724999995,0.5781622673111589,8731,3941057.517,281765.1126,162982.40409,118782.70851
balanced_reference,policy,250,23,1552,67.47826086956522,0.2699130434782609,59054,2017,0.11206692180038609,0.5706494794248884,0.7725293796175062,178192.97890000002,0.5543670606130779,5467,2450851.392,192861.003,111928.7647,80932.2383
balanced_reference,oot,250,31,2690,86.7741935483871,0.3470967741935484,88581,3083,0.1198676917171854,0.6120661693156016,0.7993968895636799,272559.97285,0.580398269327826,8731,3941057.517,281765.1126,162715.47913,119049.63347
balanced_reference,policy,500,23,1552,67.47826086956522,0.13495652173913045,59054,2017,0.11206692180038609,0.5706494794248884,0.7725293796175062,178192.97890000002,0.5543670606130779,5467,2450851.392,192861.003,111928.7647,80932.2383
balanced_reference,oot,500,31,2690,86.7741935483871,0.1735483870967742,88581,3083,0.1198676917171854,0.6120661693156016,0.7993968895636799,272559.97285,0.580398269327826,8731,3941057.517,281765.1126,162715.47913,119049.63347
customer_first,policy,50,23,820,35.65217391304348,0.7130434782608696,59054,2017,0.06199410708842754,0.46851760039662865,0.6941994012133184,138187.59875,0.4299083690340447,2716,1394049.69,160717.5025,111433.08472500001,49284.417774999994
customer_first,oot,50,31,1323,42.67741935483871,0.8535483870967742,88581,3083,0.06879579142253982,0.49594550762244566,0.6895155294680014,209600.20244999998,0.44632964070513537,4565,2411485.852,234804.26050000003,165753.311875,69050.94862500002
customer_first,policy,100,23,843,36.65217391304348,0.3665217391304348,59054,2017,0.06199410708842754,0.46851760039662865,0.6941994012133184,138222.44874999998,0.4300167890861793,2716,1394049.69,160717.5025,111583.909725,49133.592775
customer_first,oot,100,31,1433,46.225806451612904,0.46225806451612905,88581,3083,0.06879579142253982,0.49594550762244566,0.6895155294680014,211000.1223,0.44931067658374113,4565,2411485.852,234804.26050000003,166041.40195000003,68762.85855
customer_first,policy,250,23,843,36.65217391304348,0.1466086956521739,59054,2017,0.06199410708842754,0.46851760039662865,0.6941994012133184,138222.44874999998,0.4300167890861793,2716,1394049.69,160717.5025,111583.909725,49133.592775
customer_first,oot,250,31,1433,46.225806451612904,0.1849032258064516,88581,3083,0.06879579142253982,0.49594550762244566,0.6895155294680014,211000.1223,0.44931067658374113,4565,2411485.852,234804.26050000003,166041.40195000003,68762.85855
customer_first,policy,500,23,843,36.65217391304348,0.07330434782608695,59054,2017,0.06199410708842754,0.46851760039662865,0.6941994012133184,138222.44874999998,0.4300167890861793,2716,1394049.69,160717.5025,111583.909725,49133.592775
customer_first,oot,500,31,1433,46.225806451612904,0.0924516129032258,88581,3083,0.06879579142253982,0.49594550762244566,0.6895155294680014,211000.1223,0.44931067658374113,4565,2411485.852,234804.26050000003,166041.40195000003,68762.85855
loss_first,policy,50,23,1131,49.17391304347826,0.9834782608695652,59054,2017,0.20753886273580113,0.7188894397620228,0.8798920733602117,230636.9515,0.7175228208265618,10806,3832774.455,257148.00400000002,104702.89105,152445.11295
loss_first,oot,50,31,1550,50.0,1.0,88581,3083,0.22288075320892742,0.7427830035679532,0.8918578353479238,336667.75621,0.71691151492117,17453,5951953.809,375686.81680000003,161337.01152200002,214349.805278
loss_first,policy,100,23,2205,95.8695652173913,0.9586956521739131,59054,2017,0.20753886273580113,0.7188894397620228,0.8798920733602117,232425.61413,0.7230874376298873,10806,3832774.455,257148.00400000002,103373.60556600001,153774.398434
loss_first,oot,100,31,3076,99.2258064516129,0.9922580645161291,88581,3083,0.22288075320892742,0.7427830035679532,0.8918578353479238,338513.37749,0.7208416422452437,17453,5951953.809,375686.81680000003,159789.07793800003,215897.738862
loss_first,policy,250,23,3135,136.30434782608697,0.5452173913043479,59054,2017,0.20753886273580113,0.7188894397620228,0.8798920733602117,233140.53009,0.7253115760991867,10806,3832774.455,257148.00400000002,103896.110878,153251.893122
loss_first,oot,250,31,4749,153.19354838709677,0.6127741935483871,88581,3083,0.22288075320892742,0.7427830035679532,0.8918578353479238,345000.46816,0.734655468826129,17453,5951953.809,375686.81680000003,155860.880902,219825.93589800003
loss_first,policy,500,23,3135,136.30434782608697,0.27260869565217394,59054,2017,0.20753886273580113,0.7188894397620228,0.8798920733602117,233140.53009,0.7253115760991867,10806,3832774.455,257148.00400000002,103896.110878,153251.893122
loss_first,oot,500,31,4749,153.19354838709677,0.30638709677419357,88581,3083,0.22288075320892742,0.7427830035679532,0.8918578353479238,345000.46816,0.734655468826129,17453,5951953.809,375686.81680000003,155860.880902,219825.93589800003
