action,transactions,fraud_cases,exposure,average_probability,realised_proxy_cost,scenario,partition,review_capacity,fraud_rate
allow,52436,866,5394997.645,0.014084435271634905,43870.212,balanced_reference,policy,50,0.016515371119078495
step_up,4580,395,1776444.125,0.09705352609362805,34055.88052,balanced_reference,policy,50,0.08624454148471616
review,1111,193,808682.998,0.15785932888518384,25386.5999,balanced_reference,policy,50,0.17371737173717372
block,927,563,114042.254,0.6871908501623747,9580.06722,balanced_reference,policy,50,0.6073354908306364
allow,77963,1196,7832293.078,0.015291493710316151,56522.958,balanced_reference,oot,50,0.0153406102894963
step_up,7352,609,2882888.627,0.10477853846345887,56608.577079999995,balanced_reference,oot,50,0.08283460282916214
review,1550,229,1218192.901,0.15760382398646833,34380.4504,balanced_reference,oot,50,0.14774193548387096
block,1716,1049,215379.58,0.6989041679807917,18632.958800000004,balanced_reference,oot,50,0.6113053613053613
allow,52436,866,5394997.645,0.014084435271634905,43870.212,balanced_reference,policy,100,0.016515371119078495
step_up,4209,345,1600895.098,0.09436990675725072,28396.66332,balanced_reference,policy,100,0.08196721311475409
review,1546,258,996996.088,0.1585953884306014,31364.993,balanced_reference,policy,100,0.16688227684346701
block,863,548,101278.191,0.7120757519650047,8273.376380000002,balanced_reference,policy,100,0.6349942062572422
allow,77963,1196,7832293.078,0.015291493710316151,56522.958,balanced_reference,oot,100,0.0153406102894963
step_up,6451,543,2362886.446,0.10181137431525981,43436.625439999996,balanced_reference,oot,100,0.08417299643466129
review,2599,316,1766500.062,0.1567879547872758,47765.74025,balanced_reference,oot,100,0.12158522508657175
block,1568,1028,187074.6,0.7332016734805762,15257.080400000003,balanced_reference,oot,100,0.6556122448979592
allow,52436,866,5394997.645,0.014084435271634905,43870.212,balanced_reference,policy,250,0.016515371119078495
step_up,4205,345,1600069.518,0.09430841820772956,28388.66332,balanced_reference,policy,250,0.08204518430439953
review,1552,259,998292.668,0.15888657986001747,31435.643,balanced_reference,policy,250,0.16688144329896906
block,861,547,100807.191,0.7128384570203568,8234.246380000002,balanced_reference,policy,250,0.6353077816492451
allow,77963,1196,7832293.078,0.015291493710316151,56522.958,balanced_reference,oot,250,0.0153406102894963
step_up,6370,534,2328888.623,0.10136437239195956,42166.935679999995,balanced_reference,oot,250,0.08383045525902669
review,2690,326,1801902.855,0.15694991891249463,48960.902649999996,balanced_reference,oot,250,0.12118959107806691
block,1558,1027,185669.63,0.735591116948666,15064.682800000002,balanced_reference,oot,250,0.6591784338896021
allow,52436,866,5394997.645,0.014084435271634905,43870.212,balanced_reference,policy,500,0.016515371119078495
step_up,4205,345,1600069.518,0.09430841820772956,28388.66332,balanced_reference,policy,500,0.08204518430439953
review,1552,259,998292.668,0.15888657986001747,31435.643,balanced_reference,policy,500,0.16688144329896906
block,861,547,100807.191,0.7128384570203568,8234.246380000002,balanced_reference,policy,500,0.6353077816492451
allow,77963,1196,7832293.078,0.015291493710316151,56522.958,balanced_reference,oot,500,0.0153406102894963
step_up,6370,534,2328888.623,0.10136437239195956,42166.935679999995,balanced_reference,oot,500,0.08383045525902669
review,2690,326,1801902.855,0.15694991891249463,48960.902649999996,balanced_reference,oot,500,0.12118959107806691
block,1558,1027,185669.63,0.735591116948666,15064.682800000002,balanced_reference,oot,500,0.6591784338896021
allow,55393,1072,6476977.344,0.017795896855080578,49147.508499999996,customer_first,policy,50,0.01935262578304118
step_up,2375,367,1033913.949,0.16734409280229717,31717.76045,customer_first,policy,50,0.15452631578947368
review,820,201,542343.982,0.2528834697976165,26332.406950000004,customer_first,policy,50,0.2451219512195122
block,466,377,40931.747,0.8688185617408694,4235.408825,customer_first,policy,50,0.8090128755364807
allow,82487,1554,9413465.966,0.019527109500038657,72903.0765,customer_first,oot,50,0.018839332258416476
step_up,3830,498,1677659.596,0.17136150768623556,43512.615175,customer_first,oot,50,0.1300261096605744
review,1323,262,964904.147,0.2448037208978909,38906.56225,customer_first,oot,50,0.1980347694633409
block,941,769,92724.477,0.8662969605089389,10431.057950000002,customer_first,oot,50,0.8172157279489904
allow,55393,1072,6476977.344,0.017795896855080578,49147.508499999996,customer_first,policy,100,0.01935262578304118
step_up,2354,366,1023053.815,0.16710115501178763,31596.43545,customer_first,policy,100,0.1554800339847069
review,843,203,553454.116,0.25225881111063897,26662.056950000002,customer_first,policy,100,0.24080664294187426
block,464,376,40681.747,0.8699694369541587,4177.908825,customer_first,policy,100,0.8103448275862069
allow,82487,1554,9413465.966,0.019527109500038657,72903.0765,customer_first,oot,100,0.018839332258416476
step_up,3723,488,1610318.153,0.17055177089232956,41830.33135,customer_first,oot,100,0.13107708836959442
review,1433,274,1032673.364,0.242137997860877,40942.5555,customer_first,oot,100,0.19120725750174458
block,938,767,92296.703,0.867193329486486,10365.438600000001,customer_first,oot,100,0.8176972281449894
allow,55393,1072,6476977.344,0.017795896855080578,49147.508499999996,customer_first,policy,250,0.01935262578304118
step_up,2354,366,1023053.815,0.16710115501178763,31596.43545,customer_first,policy,250,0.1554800339847069
review,843,203,553454.116,0.25225881111063897,26662.056950000002,customer_first,policy,250,0.24080664294187426
block,464,376,40681.747,0.8699694369541587,4177.908825,customer_first,policy,250,0.8103448275862069
allow,82487,1554,9413465.966,0.019527109500038657,72903.0765,customer_first,oot,250,0.018839332258416476
step_up,3723,488,1610318.153,0.17055177089232956,41830.33135,customer_first,oot,250,0.13107708836959442
review,1433,274,1032673.364,0.242137997860877,40942.5555,customer_first,oot,250,0.19120725750174458
block,938,767,92296.703,0.867193329486486,10365.438600000001,customer_first,oot,250,0.8176972281449894
allow,55393,1072,6476977.344,0.017795896855080578,49147.508499999996,customer_first,policy,500,0.01935262578304118
step_up,2354,366,1023053.815,0.16710115501178763,31596.43545,customer_first,policy,500,0.1554800339847069
review,843,203,553454.116,0.25225881111063897,26662.056950000002,customer_first,policy,500,0.24080664294187426
block,464,376,40681.747,0.8699694369541587,4177.908825,customer_first,policy,500,0.8103448275862069
allow,82487,1554,9413465.966,0.019527109500038657,72903.0765,customer_first,oot,500,0.018839332258416476
step_up,3723,488,1610318.153,0.17055177089232956,41830.33135,customer_first,oot,500,0.13107708836959442
review,1433,274,1032673.364,0.242137997860877,40942.5555,customer_first,oot,500,0.19120725750174458
block,938,767,92296.703,0.867193329486486,10365.438600000001,customer_first,oot,500,0.8176972281449894
allow,46798,567,3978564.454,0.01002258810422054,30885.513600000002,loss_first,policy,50,0.012115902388990983
step_up,8564,447,2651167.489,0.05198514006835631,36837.75172,loss_first,policy,50,0.05219523587108828
review,1131,104,1000594.8589999999,0.07076775405432338,15675.940799999998,loss_first,policy,50,0.09195402298850575
block,2561,899,463840.22,0.3909285757212296,21303.684930000003,loss_first,policy,50,0.35103475204998047
allow,68838,793,5777976.338,0.010830475556325029,40627.585600000006,loss_first,oot,50,0.011519800110404137
step_up,13697,621,4034608.017,0.05286415532420215,59053.443040000006,loss_first,oot,50,0.04533839526903702
review,1550,136,1518159.475,0.07057259076713583,23586.214399999997,loss_first,oot,50,0.08774193548387096
block,4496,1533,818010.356,0.40638164831935775,38069.76848200001,loss_first,oot,50,0.34096975088967973
allow,46798,567,3978564.454,0.01002258810422054,30885.513600000002,loss_first,policy,100,0.012115902388990983
step_up,7847,410,2249941.515,0.05155101510705612,31372.639720000003,loss_first,policy,100,0.052249267235886326
review,2205,189,1488544.84,0.0769479546656583,23890.554559999997,loss_first,policy,100,0.08571428571428572
block,2204,851,377116.213,0.432039971061736,17224.897686000004,loss_first,policy,100,0.38611615245009073
allow,68838,793,5777976.338,0.010830475556325029,40627.585600000006,loss_first,oot,100,0.011519800110404137
step_up,12650,579,3401028.312,0.05260457748825399,51872.577320000004,loss_first,oot,100,0.04577075098814229
review,3076,233,2285675.913,0.07558794836487367,35253.70544,loss_first,oot,100,0.07574772431729519
block,4017,1478,684073.623,0.43878598646047434,32035.209578000005,loss_first,oot,100,0.3679362708488922
allow,46798,567,3978564.454,0.01002258810422054,30885.513600000002,loss_first,policy,250,0.012115902388990983
step_up,7168,381,1951053.791,0.050583825848652064,27884.12512,loss_first,policy,250,0.05315290178571429
review,3135,257,1834980.565,0.08025028977910244,30336.618879999998,loss_first,policy,250,0.08197767145135566
block,1953,812,329568.212,0.4670955605029636,14789.853278000002,loss_first,policy,250,0.4157706093189964
allow,68838,793,5777976.338,0.010830475556325029,40627.585600000006,loss_first,oot,250,0.011519800110404137
step_up,11468,518,2822633.701,0.05202492510451899,40743.57772,loss_first,oot,250,0.04516916637600279
review,4749,331,2956388.2229999998,0.07958067720974729,47447.42767999999,loss_first,oot,250,0.0696988839755738
block,3526,1441,591755.924,0.47816485106091217,27042.289902000004,loss_first,oot,250,0.4086783891094725
allow,46798,567,3978564.454,0.01002258810422054,30885.513600000002,loss_first,policy,500,0.012115902388990983
step_up,7168,381,1951053.791,0.050583825848652064,27884.12512,loss_first,policy,500,0.05315290178571429
review,3135,257,1834980.565,0.08025028977910244,30336.618879999998,loss_first,policy,500,0.08197767145135566
block,1953,812,329568.212,0.4670955605029636,14789.853278000002,loss_first,policy,500,0.4157706093189964
allow,68838,793,5777976.338,0.010830475556325029,40627.585600000006,loss_first,oot,500,0.011519800110404137
step_up,11468,518,2822633.701,0.05202492510451899,40743.57772,loss_first,oot,500,0.04516916637600279
review,4749,331,2956388.2229999998,0.07958067720974729,47447.42767999999,loss_first,oot,500,0.0696988839755738
block,3526,1441,591755.924,0.47816485106091217,27042.289902000004,loss_first,oot,500,0.4086783891094725
