elapsed_week,transactions,fraud_cases,total_exposure,fraud_exposure,median_amount,fraud_rate,fraud_exposure_share
0,23810,668,3080074.636,93633.33600000001,68.95,0.028055438891222174,0.03039969710656064
1,27803,727,3550680.689,108406.31099999999,68.5,0.026148257382296876,0.030531134871080487
2,34470,879,4529961.955,108110.282,77.0,0.025500435161009572,0.023865604849213354
3,37251,690,4496302.09,90118.788,77.0,0.018522992671337682,0.020042867715767736
4,24041,919,3212245.668,128118.894,67.95,0.03822636329603594,0.0398845254198036
5,21868,838,2956437.425,125444.447,59.0,0.03832083409548198,0.04243094947291164
6,20392,787,2769920.13,102878.753,67.95,0.038593566104354646,0.03714141497646721
7,20025,825,2693904.419,115487.051,59.524,0.04119850187265917,0.04286976560321682
8,20246,922,2865050.397,119583.83899999999,59.0,0.04553985972537785,0.04173882565040268
9,23596,1014,3213942.04,138485.451,67.95,0.042973385319545684,0.043088969644269004
10,20860,900,2825687.459,116685.764,59.0,0.04314477468839885,0.04129464623851027
11,19831,685,2575522.331,91097.169,59.0,0.03454187887650648,0.035370366586815666
12,21734,848,3309648.599,136845.104,78.42750000000001,0.03901720806110242,0.04134732129608784
13,27770,935,4034290.173,146183.174,77.95,0.03366942743968311,0.036235165972529564
14,21901,715,3019192.839,124693.451,71.95,0.03264691109994977,0.041300260582659655
15,20700,859,2854020.463,162857.686,67.95,0.0414975845410628,0.057062550220404636
16,21003,1063,2789566.161,163102.38799999998,64.77,0.05061181735942485,0.05846872903761181
17,23824,876,3274313.256,167634.604,75.0,0.0367696440564137,0.05119687424311609
18,19622,693,2561831.7,104922.0,67.95,0.03531750076444807,0.04095585201791359
19,18630,644,2465118.796,113613.277,59.0,0.0345679012345679,0.046088357763671844
20,18460,663,2538964.945,97924.56700000001,67.95,0.03591549295774648,0.03856869595338191
21,20378,645,2866825.646,86721.212,70.702,0.031651781332809895,0.03024990798481227
22,20740,591,2824113.135,90643.55,67.95,0.02849566055930569,0.03209628852209563
23,20944,681,2783343.528,96089.618,68.5,0.032515278838808254,0.03452308959830273
24,20206,741,2730973.794,106412.10999999999,68.95,0.03667227556171434,0.038964896050555066
25,17681,736,2444816.645,126139.99399999998,67.95,0.04162660483004355,0.051594868784116926
26,2754,119,472199.816,22012.040000000005,77.95,0.043209876543209874,0.046615943619935686
